禾本科,莎草科,莧科,菊科,石竹科,澤瀉科,十字花科,酢醬草科,蓼科,馬齒莧科,雨久花科,茄科,豆科,桔梗科,柳葉菜科,旋花科,大戟科,車前科,蕁麻科,茜草科,山柑科,千屈菜科,落葵科,葡萄科,桑科,繖形科,葫蘆科,玄參科,鴨跖草科
"Acroceras macrum,尼羅草","Actinoscirpus grossus,大藨草","Digera muricata,瘤果莧","Acanthospermum australe,刺苞果","Arenaria subpilosa,亞毛無心菜, 細葉卷耳","Hydrocleys nymphoides,水金英","Arabidopsis thaliana,阿拉伯芥","Averrhoa bilimbi,木胡瓜","Antigonon leptopus,珊瑚藤","Portulaca grandiflora,松葉牡丹","Eichhornia crassipes,布袋蓮, 浮水蓮花,鳳眼蓮","Brugmansia suaveolens,大花曼陀羅","Entada phaseoloides,鴨腱藤, 榼藤子,過江龍,恆春鴨腱藤","Adenophora triphylla,輪葉沙參","Oenothera tetraptera,四翅月見草","Argyreia formosana,鈍葉朝顏","Acalypha angatensis,臺灣鐵莧, 台灣鐵莧","Plantago asiatica,車前草","Poikilospermum acuminatum,錐頭麻","Leptopetalum biflorum,雙花擬耳草, 雙花耳草","Capparis acutifolia,銳葉山柑","Trapa incisa,小果菱","Anredera cordifolia,洋落葵, 川七,落葵薯,馬德拉藤,藤三七","Leea guineensis,火筒樹","Broussonetia monoica,小構樹, 楮樹","Foeniculum vulgare,茴香","Actinostemma tenerum,合子草","Scrophularia formosana,臺灣玄參, 台灣玄參","Amischotolype hispida,穿鞘花, 中國穿鞘花"
"Agropyron formosanum,臺灣鵝觀草, 台灣鵝觀草","Bolboschoenus planiculmis,扁稈藨草, 雲林莞草","Pupalia micrantha,小花鉤牛膝, 安旱莧","Achillea millefolium,洋蓍草, 絲葉蓍","Arenaria takasagomontana,高山無心菜, 高山卷耳","Limnocharis flava,黃花藺","Arabidopsis lyrata,玉山筷子芥","Averrhoa carambola,楊桃","Coccoloba uvifera,海葡萄","Portulaca oleracea,馬齒莧","Monochoria vaginalis,鴨舌草","Brunfelsia americana,夜香茉莉","Entada tonkinensis,越南鴨腱藤","Adenophora morrisonensis,玉山沙參","Oenothera rosea,粉花月見草, 夕化妝","Argyreia nervosa,脈葉朝顏","Acalypha aristata,南美鐵莧","Plantago heterophylla,線葉車前","Poikilospermum acuminata,錐頭麻","Leptopetalum paniculatum,小花擬耳草","Capparis pubiflora,毛花山柑","Trapa japonica,日本菱","Basella alba,落葵","Leea philippinensis,菲律賓火筒樹","Broussonetia papyrifera,構樹","Angelica morii,森氏當歸","Baijiania taiwaniana,臺灣羅漢果, 台灣羅漢果","Scrophularia yoshimurae,雙鋸齒玄參, 雙鋸葉玄參","Belosynapsis ciliata,毛葉鴨舌疝, 假紫萬年青"
"Agropyron mayebaranum,前原鵝觀草","Bolboschoenus maritimus,海濱藨草","Atriplex maximowicziana,馬氏濱藜","Acmella brachyglossa,短舌花金鈕釦, 短舌花金鈕扣","Arenaria serpyllifolia,無心菜, 鵝不食草","Alisma canaliculatum,澤瀉, 窄葉澤瀉","Arabis serrata,齒葉南芥","Biophytum sensitivum,羞禮花","Fagopyrum esculentum,蕎麥","Portulaca pilosa,毛馬齒莧",,"Brunfelsia hopeana,番茉莉","Entada rheedei,厚殼鴨腱藤","Campanula dimorphantha,桔梗","Oenothera speciosa,美麗月見草","Argyreia akoensis,屏東朝顏","Acalypha australis,鐵莧菜, 麻葉鐵莧菜","Plantago lanceolata,長葉車前草","Boehmeria clidemioides,序葉苧麻","Leptopetalum racemosum,大葉擬耳草","Capparis floribunda,多花山柑","Trapa maximowiczii,鬼菱",,"Leea indica,印度火筒樹","Artocarpus incisus,麵包樹, 太平洋麵包樹","Angelica hirsutiflora,濱當歸","Benincasa hispida,冬瓜","Buddleja curviflora,彎花醉魚木","Belosynapsis kawakamii,川上氏鴨舌疝"
"Agrostis avenacea,類燕麥翦股穎","Bulbostylis barbata,毛球柱草","Atriplex nummularia,臺灣濱藜, 台灣濱藜","Acmella ciliata,天文草","Arenaria interpres,翻石鷸","Caldesia grandis,圓葉澤瀉","Arabis stelleri,史氏筷子芥","Oxalis corniculata,酢漿草","Fagopyrum tataricum,印度蕎麥","Portulaca psammotropha,沙生馬齒莧",,"Brunfelsia uniflora,變色茉莉","Entada koshunensis,恆春鴨腱藤","Campanula medium,彩鐘花, 風鈴草","Oenothera glazioviana,黃花月見草","Calystegia soldanella,濱旋花","Acalypha brachystachya,短序鐵莧菜, 裂苞鐵莧菜","Plantago major,大車前草","Boehmeria formosana,臺灣苧麻, 台灣苧麻","Leptopetalum taiwanense,單花擬耳草, 台灣耳草,單花耳草","Capparis lanceolaris,蘭嶼山柑","Trapa quadrispinosa,四角菱",,"Ampelopsis delavayana,三裂葉蛇葡萄, 赤木通,大接骨丹,綠葡萄,五爪龍","Artocarpus lakoocha,野波羅蜜, 猴面果","Angelica tarokoensis,太魯閣當歸","Citrullus lanatus,西瓜","Buddleja asiatica,揚波, 白埔姜,駁骨丹","Callisia fragrans,大葉錦竹草"
"Agrostis clavata,翦股穎, 華北剪股颖","Bulbostylis densa,球柱草, 絲葉球柱草","Chenopodium album,藜","Acmella oleracea,印度金鈕釦, 印度金鈕扣,鐵拳頭","Cerastium glomeratum,球序卷耳","Sagittaria trifolia,三腳剪, 水芋,野慈姑","Arabis formosana,臺灣筷子芥, 台灣筷子芥","Oxalis corymbosa,紫花酢漿草","Fagopyrum cymosum,赤地利, 金蕎麥,天蕎麥","Portulaca quadrifida,四瓣馬齒莧",,"Capsicum annuum,辣椒","Entada koshunensis,恆春鴨腱藤","Codonopsis kawakamii,玉山山奶草","Oenothera biennis,月見草","Cuscuta australis,菟絲子","Acalypha caturus,蘭嶼鐵莧","Plantago virginica,毛車前草","Boehmeria wattersii,長葉苧麻, 柄果苧麻","Leptopetalum coreanum,脈耳草","Capparis sabiifolia,毛瓣蝴蝶木, 黑葉山柑","Trapa bicornis,紅菱",,"Ampelopsis japonica,白蘞","Artocarpus xanthocarpus,蘭嶼麵包樹","Angelica acutiloba,日本當歸","Coccinia grandis,紅瓜","Buddleja lindleyana,醉魚草","Callisia repens,舖地錦竹草, 翠玲瓏"
"Agrostis stolonifera,匍匐翦股穎, 西伯利亞翦股穎","Carex alliiformis,林下薹","Chenopodium formosanum,臺灣藜, 台灣藜","Acmella paniculata,金鈕釦, 金鈕扣","Cerastium parvipetalum,小瓣卷耳","Sagittaria montevidensis,蒙特登慈菇, 爆米花慈菇,美洲慈菇","Arabis hirsuta,硬毛南芥","Oxalis acetosella,白花酢漿草","Fallopia convolvulus,卷莖蓼","Portulaca insularis,島嶼馬齒莧",,"Capsicum frutescens,小米椒, 小米辣,雞心辣椒,辣椒","Abrus precatorius,雞母珠, 美麗相思子","Codonopsis javanica,金錢豹","Oenothera stricta,待宵草","Cuscuta campestris,平原菟絲子","Acalypha kerrii,菱葉鐵莧","Plantago macronipponica,巨葉車前草","Boehmeria densiflora,密花苧麻","Leptopetalum strigulosum,海岸擬耳草, 脈耳草","Capparis horrida,馬來西亞山柑","Trapa bispinosa,二角菱, 菱",,"Ampelopsis brevipedunculata,山葡萄","Artocarpus heterophyllus,波羅蜜","Angelica dahurica,野當歸","Cucumis sativus,胡瓜, 黃瓜","Buddleja madagascariensis,非洲醉魚草","Commelina auriculata,耳葉鴨跖草, 蓬萊鴨跖草"
"Agrostis dimorpholemma,多形翦穎, 多形翦股穎","Carex alopecuroides,高山日本薹, 川上氏薹,綠穗薹草,似橫果薹草","Chenopodium glaucum,灰綠藜","Acmella uliginosa,沼生金鈕釦, 沼生金鈕扣","Cerastium fontanum,喜泉卷耳","Sagittaria pygmaea,瓜皮草, 線慈菇,矮慈姑","Arabis pendula,垂果南芥","Oxalis acida,酸酢漿草","Fallopia multiflora,臺灣何首烏, 台灣何首烏",,,"Capsicum pubescens,紫花椒","Acacia caesia,藤相思樹","Cyclocodon lancifolius,臺灣土黨參, 台灣土黨參","Oenothera drummondii,海濱月見草, 海邊月見草,月見草,待宵花,夜來香","Cuscuta chinensis,中國菟絲子","Acalypha matudai,恆春鐵莧","Callitriche peploides,凹果水馬齒","Boehmeria hwaliensis,花蓮苧麻","Leptopetalum biflorum,雙花擬耳草, 雙花耳草","Capparis micracantha,小刺山柑","Trapa pseudoincisa,格菱",,"Ampelopsis cantoniensis,廣東山葡萄","Artocarpus odoratissimus,香波羅","Angelica keiskei,明日葉","Cucumis anguria,小黃瓜","Myoporum bontioides,苦藍盤","Commelina benghalensis,圓葉鴨跖草, 飯包草,竹葉菜"
"Agrostis infirma,玉山翦股穎","Carex alterniflora,宜蘭宿柱薹","Chenopodium hybridum,薄葉藜, 雜配藜","Acmella taiwanica,臺灣細黍蝸牛, 台灣細黍蝸牛","Cerastium formosanum,臺灣卷耳, 台灣卷耳","Sagittaria guayanensis,櫛蒴草","Barbarea orthoceras,山芥菜","Oxalis cernua,金盃酢漿草","Koenigia filicaulis,細莖冰島蓼, 高山蓼",,,"Cestrum nocturnum,夜香樹","Acacia confusa,相思樹","Cyclocodon axillaris,土黨參","Oenothera laciniata,裂葉月見草","Cuscuta epilinum,寄亞麻無根草","Acalypha suirenbiensis,花蓮鐵莧","Callitriche palustris,水馬齒","Boehmeria longispica,長穗苧麻","Leptopetalum coreanum,脈耳草","Capparis sikkimensis,山柑","Ammannia coccinea,長葉水莧菜",,"Ampelopsis glandulosa,毛山葡萄","Artocarpus elastica,馬來波羅蜜","Angelica morrisonicola,玉山當歸","Cucumis trigonus,三角形瓜","Leucophyllum frutescens,紅花玉芙蓉","Commelina communis,鴨跖草"
"Alloteropsis semialata,毛穎草","Carex arisanensis,阿里山疏花薹","Chenopodium serotinum,小葉藜, 小藜,小葉灰藋,小葉灰翟","Adenostemma lavenia,下田菊","Cucubalus baccifer,狗筋蔓","Sagittaria sagittifolia,慈姑","Barbarea taiwaniana,臺灣山芥菜, 台灣山芥菜","Oxalis enneaphylla,九葉酢漿草","Koenigia yatagaiana,雪山蓼",,,"Cestrum elegans,瓶兒花","Acacia dealbata,銀栲, 德爾栲","Hippobroma longiflora,馬醉草, 許氏草","Circaea cordata,心葉露珠草","Cuscuta japonica,日本菟絲子","Acalypha wilkesiana,威氏鐵莧","Callitriche deflexa,彎莖水馬齒, 柄果水馬齒","Boehmeria pilosiuscula,華南苧麻","Leptopetalum racemosum,大葉擬耳草","Capparis zeylanica,錫蘭山柑","Ammannia multiflora,多花水莧菜",,"Cayratia corniculata,角花烏斂莓","Artocarpus integer,小波羅蜜","Angelica pubescens,毛當歸","Cucumis melo,甜瓜",,"Commelina diffusa,竹仔菜, 節節草"
"Alopecurus myosuroides,大穗看麥娘","Carex atrata,南湖扁果薹","Chenopodium ambrosioides,臭杏, 土荊芥","Ageratina adenophora,假藿香薊, 紫莖澤蘭","Dianthus chinensis,石竹, 洛陽花,剪絨花","Sagittaria guayanensis,櫛蒴草","Barbarea arisanense,高山山芥","Oxalis flabellifolia,扇葉酢漿草","Koenigia delicatula,小葉蓼",,,"Cyphomandra betacea,樹番茄","Acacia farnesiana,金合歡, 牛角花,荊球花","Lobelia chinensis,半邊蓮, 鐮麼仔草,水仙花草","Circaea erubescens,臺灣露珠草, 台灣露珠草","Dichondra micrantha,馬蹄金","Acalypha akoensis,屏東鐵莧","Callitriche japonica,日本水馬齒","Boehmeria pilushanensis,畢祿山苧麻","Leptopetalum racemosum,大葉擬耳草, 寬莖珠仔草","Capparis sabiaefolia,毛瓣蝴蝶木","Ammannia auriculata,耳葉水莧菜",,"Cayratia japonica,虎葛, 烏斂莓","Artocarpus rigidus,猴面果, 拉哥加樹","Apium graveolens,芹菜","Cucurbita pepo,美國南瓜",,"Commelina paludosa,大葉鴨跖草, 大苞鴨跖草"
"Alopecurus pratensis,原野看麥娘, 大看麥娘","Carex baccans,紅果薹","Suaeda maritima,裸花鹼蓬","Ageratina riparia,澤假藿香薊","Dianthus longicalyx,長萼瞿麥","Aquarius cordifolius,心葉齒果澤瀉, 象耳澤瀉,象耳草","Brassica oleracea,甘藍, 芥藍菜,高麗菜,青花菜,花椰菜","Oxalis hedysaroides,紅葉酢漿草","Koenigia nepalensis,高山蓼",,,"Datura innoxia,毛曼陀羅","Acacia albida,白栲","Lobelia cliffortiana,克氏半邊蓮","Circaea glabrescens,禿梗露珠草","Erycibe henryi,亨利氏伊立基藤","Acalypha hispida,紅花鐵莧","Callitriche raveniana,雷文氏水馬齒(細苞水馬齒), 細苞水馬齒","Boehmeria nivea,苧麻","Argostemma solaniflorum,水冠草","Capparis sabiaefolia,毛瓣蝴蝶木","Ammannia baccifera,水莧菜",,"Cayratia maritima,海岸烏斂莓","Artocarpus treculianus,麵包樹, 太平洋麵包樹","Apium integrilobum,細葉芹菜","Cucurbita foetidissima,油瓜",,"Commelina erecta,直立鴨跖草"
"Alopecurus aequalis,看麥娘","Carex bilateralis,短葉二柱薹","Achyranthes longifolia,柳葉牛膝","Ageratum conyzoides,藿香薊","Dianthus palinensis,巴陵石竹","Aquarius elongatus,長翅大黽蝽","Brassica rapa,蕓薹, 蕪菁,小菘菜,油菜","Oxalis hirta,毛酢漿草","Muehlenbeckia platyclada,竹節蓼",,,"Datura metel,曼陀羅, 洋金花","Acacia arabica,阿拉伯樹膠","Lobelia erinus,六倍利","Circaea mollis,南方露珠草","Evolvulus nuttallianus,藍星花","Acalypha hontauyuensis,紅頭鐵莧","Antirrhinum majus,金魚草","Boehmeria sieboldiana,草苧麻, 臺灣苧麻,台灣苧麻,臺灣野苧麻","Canthium gynochodes,朴萊木","Crateva religiosa,加羅林魚木","Ammannia arenria,耳基水莧",,"Cayratia formosana,臺灣烏斂莓, 台灣烏斂莓","Fatoua pilosa,細齒水蛇麻","Apium leptophyllum,薄葉芹菜, 細葉旱芹","Cucurbita maxima,北瓜",,"Cyanotis arachnoidea,蛛絲毛藍耳草, 鴨舌疝"
"Aniselytron treutleri,溝稃草","Carex brachyanthera,垂穗薹","Achyranthes bidentata,牛膝","Ageratum houstonianum,紫花藿香薊, 熊耳草,墨西哥藍薊,勝紅薊,紫花毛麝香,臭草仔,斷血草","Dianthus pygmaeus,玉山石竹","Aquarius paludum,圓臀大黽蝽","Brassica juncea,芥菜, 千寶菜,京菜,刈菜","Oxalis pentaphylla,五葉酢漿草","Persicaria lapathifolia,早苗蓼",,,"Datura stramonium,番曼陀羅, 曼陀羅,風茄兒,山茄花,打破碗花","Acacia auriculiformis,耳莢相思樹","Lobelia heyneana,翅莖半邊蓮","Circaea alpina,高山露珠草","Evolvulus alsinoides,土丁桂","Acalypha reptans,紅尾鐵莧","Antirrhinum orontium,小金魚草","Cecropia peltata,號角樹","Cephalanthus tetrandrus,風箱樹, 珠花樹","Crateva unilocularis,樹頭菜","Cuphea carthagenensis,克非亞草, 克菲亞草",,"Cayratia tenuifolia,細葉烏蘞莓","Fatoua villosa,小蛇麻, 細齒水蛇麻,水蛇麻","Apium petroselinum,美國香菜","Cucurbita moschata,中國南瓜",,"Cyanotis axillaris,鞘苞花"
"Aniselytron agrostoides,小穎溝稃草","Carex breviculmis,短莖宿柱薹","Achyranthes aspera,土牛膝","Ainsliaea fragrans,香鬼督郵","Dianthus seisuimontanus,清水山石竹",,"Brassica napus,大油菜, 油菜籽,油麻菜籽,西洋油菜","Oxalis tetraphylla,四葉酢漿草","Persicaria maculosa,春蓼",,,"Datura sanguinea,紅花曼陀羅","Acacia binervata,雙脈栲","Lobelia nummularia,普剌特草","Epilobium amurense,黑龍江柳葉菜","Evolvulus nummularius,短梗土丁桂","Acalypha indica,印度鐵莧","Bacopa monnieri,過長沙, 百克爬草","Chamabainia cuspidata,蟲蟻麻","Cephalanthus naucleoides,風箱樹","Capparis micracantha,小刺山柑","Cuphea hyssopifolia,細葉雪茄花",,"Cissus elongata,五葉粉藤","Ficus ficus,小枇杷螺","Bupleurum kaoi,高氏柴胡, 臺灣柴胡,台灣柴胡","Diplocyclos palmatus,雙輪瓜",,"Floscopa scandens,蔓蘘荷, 聚花草"
"Anthoxanthum odoratum,香黃花茅, 黃花茅","Carex brevicuspis,大山宿柱薹","Aerva sanguinolenta,絹毛莧, 蔓雞冠","Ainsliaea macroclinidioides,阿里山鬼督郵","Dianthus barbatus,亞美利加瞿麥",,"Capsella bursa-pastoris,薺","Oxalis variabilis,芙蓉酢漿草","Persicaria chinensis,火炭母草, 清飯藤",,,"Datura inoxia,毛曼陀羅","Acacia catechu,兒茶","Lobelia seguinii,大本山梗菜","Epilobium hohuanense,合歡柳葉菜","Hewittia malabarica,吊鐘藤","Acalypha longi-acuminata,尖尾鐵莧","Bacopa carolineana,卡羅萊納過長沙","Cypholophus moluccanus,瘤冠麻","Coptosapelta diffusa,瓢簞藤",,"Cuphea ignea,雪茄花",,"Cissus kerrii,雞心藤","Ficus gracilis,大枇杷螺","Bupleurum falcatum,鐮刀葉柴胡","Gymnopetalum chinense,裸瓣瓜, 中國衛矛",,"Gibasis pellucida,細梗鴨跖草"
"Anthoxanthum horsfieldii,臺灣黃花茅","Carex breviscapa,寬果宿柱薹","Alternanthera paronychioides,匙葉蓮子草","Ainsliaea paucicapitata,能高鬼督郵","Dianthus caryophyllus,康乃馨",,"Cardamine circaeoides,腎葉碎米薺","Oxalis violacea,大本鹽酸草","Persicaria dichotoma,水紅骨蛇",,,"Lycianthes biflora,雙花龍葵, 耳鉤草","Acacia cornigera,牛角栲","Lobelia sessilifolia,無柄葉山梗菜","Epilobium nankotaizanense,南湖柳葉菜","Ipomoea alba,天茄兒","Alchornea trewioides,紅背山麻桿","Deinostema adenocaulon,毛澤番椒","Debregeasia orientalis,水麻","Damnacanthus angustifolius,無刺伏牛花, 細葉伏牛花",,"Cuphea micropetala,微瓣雪茄花",,"Cissus pteroclada,翼莖粉藤","Ficus variegata,花球枇杷螺","Centella asiatica,雷公根","Gynostemma pentaphyllum,絞股藍",,"Murdannia edulis,葶花水竹葉"
"Apluda mutica,水蔗草","Carex brownii,布朗薹","Alternanthera sessilis,蓮子草","Ainsliaea secundiflora,中原氏鬼督郵","Dianthus hybridus,雜交石竹",,"Cardamine flexuosa,蔊菜, 焊菜","Oxalis barrelieri,立性酢漿草","Persicaria foliosa,宜蘭蓼",,,"Lycianthes lysimachioides,蔓茄","Acacia decurrens,青栲","Lobelia zeylanica,圓葉山梗菜","Epilobium pengii,彭氏柳葉菜, 網籽柳葉菜","Ipomoea aquatica,甕菜, 空心菜,蕹菜","Claoxylon brachyandrum,假鐵莧","Deinostema violacea,澤番椒","Dendrocnide meyeniana,咬人狗","Damnacanthus indicus,伏牛花",,"Lagerstroemia speciosa,大花紫薇",,"Cissus repens,粉藤","Ficus ampelos,菲律賓榕, 金氏榕","Chaerophyllum involucratum,山薰香","Gynostemma simplicifolium,單葉絞股藍",,"Murdannia keisak,水竹葉"
"Apocopis wrightii,瑞氏楔穎草","Carex brunnea,束草, 莎草","Alternanthera reineckii,瑞氏蓮子草","Ainsliaea latifolia,臺灣鬼督郵","Dianthus japonicus,日本石竹",,"Cardamine agyokumontana,阿玉碎米薺",,"Persicaria glabra,紅辣蓼",,,"Lycianthes boninensis,小笠原紅絲線, ]蘭嶼耳鉤草","Acacia falcata,扭葉栲","Lobelia cardinalis,心臟葉半邊蓮","Epilobium platystigmatosum,闊柱柳葉菜","Ipomoea biflora,白花牽牛","Croton bonplandianus,波氏巴豆","Deinostema violaceum,澤番椒","Dendrocnide kotoensis,紅頭咬人狗","Damnacanthus giganteus,短刺虎刺, 長卵葉伏牛花",,"Lagerstroemia indica,紫薇, 小花紫薇",,"Cissus sicyoides,錦屏粉藤","Ficus benjamina,白榕, 垂榕,白肉榕","Chaerophyllum nanhuense,南湖山薰香","Lagenaria siceraria,扁蒲, 葫蘆",,"Murdannia simplex,細竹蒿草"
"Aristida chinensis,華三芒草","Carex capillacea,單穗薹","Alternanthera bettzickiana,毛蓮子草","Ambrosia artemisiifolia,豬草, 瘤果菊","Dianthus superbus,瞿麥",,"Cardamine hirsuta,臺灣碎米薺, 台灣碎米薺",,"Persicaria hastatosagittata,長箭葉蓼",,,"Lycium chinense,枸杞","Acacia floribunda,多花栲","Lobelia alsinoides,短柄半邊蓮","Epilobium taiwanianum,臺灣柳葉菜, 台灣柳葉菜","Ipomoea cairica,番仔藤, 槭葉牽牛,五爪龍,五爪金龍,碗公花,白首烏,掌葉牽牛","Croton cascarilloides,裏白巴豆","Digitalis lutea,黃花毛地黃","Elatostema acuteserratum,銳齒樓梯草","Dentella repens,小牙草",,"Lagerstroemia limii,福建紫薇, 浙江紫薇",,"Cissus assamica,紅毛粉藤","Ficus caulocarpa,大葉雀榕","Chaerophyllum taiwanianum,臺灣山薰香, 台灣山薰香","Luffa acutangula,澎湖菜瓜",,"Murdannia bracteata,大苞水竹葉, 痰火草"
"Arrhenatherum elatius,燕麥草","Carex jisaburo-ohwiana,大井氏扁果薹","Alternanthera dentata 'Red Marble',紅龍草","Ambrosia psilostachya,裸穗豬草","Drymaria diandra,荷蓮豆草",,"Cardamine impatiens,水花菜",,"Persicaria hydropiper,水蓼",,,"Lycopersicon esculentum,番茄","Acacia gerrardii,元蘭栲","Peracarpa carnosa,山桔梗","Epilobium brevifolium,短葉柳葉菜","Ipomoea eriocarpa,毛果薯","Croton crassifolius,雞骨香, 黃牛香","Digitalis purpurea,毛地黃","Elatostema edule,食用樓梯草","Diodia teres,圓莖鈕扣草, 粗毛鈕扣草,圓莖鈕釦草",,"Lagerstroemia subcostata,九芎",,"Cissus cactiformis,翡翠葡萄","Ficus erecta,假枇杷","Cnidium monnieri,芎窮","Luffa aegyptiaca,絲瓜",,"Murdannia loriformis,牛軛草"
"Arthraxon hispidus,藎草","Carex chrysolepis,黃花薹","Alternanthera ficoidea,法國莧","Ambrosia trifida,三裂葉豬草, 豚草","Drymaria villosa,毛荷蓮豆草",,"Cardamine nipponica,日本蔊菜, 日本焊菜",,"Persicaria japonica,蠶繭草",,,"Lycopersicon esculentum,番茄","Acacia holosericaea,厚樂相思樹","Trachelium caeruleum,夕霧","Fuchsia fulgens,墨西哥倒掛金鐘","Ipomoea hederacea,碗仔花","Croton tiglium,巴豆","Dopatrium junceum,虻眼草","Elatostema hypoglaucum,白背樓梯草","Diodia virginiana,維州鈕釦草, 維州鈕扣草",,"Lagerstroemia floribunda,稜萼紫薇",,"Cissus discolor,錦葉葡萄","Ficus esquiroliana,黃毛榕, 大赦婆樹","Cnidium officinale,川芎","Luffa cylindrica,絲瓜",,"Murdannia spirata,矮水竹葉"
"Arthraxon lancifolius,小葉藎草, 小葉藎草,小藎草","Carex cryptostachys,多序宿柱薹, 隱柱薹","Alternanthera nodiflora,節節花","Ambrosia scoparia,豬毛蒿, 石茵陳,山茵陳,土茵陳","Drymaria cordata,荷蓮豆草",,"Cardamine heterandra,異蕊碎米薺",,"Persicaria kawagoeana,盤腺蓼",,,"Nicandra physalodes,大本泡仔草, 大本炮仔草,假酸漿","Acacia implexa,旋莢相思樹","Triodanis biflora,卵葉異檐花, 卵葉異擔花","Fuchsia hybrida,吊鐘花","Ipomoea hederifolia,心葉蔦蘿","Croton spiciflorus,穗花巴豆","Ellisiophyllum pinnatum,海螺菊, 幌菊","Elatostema microcephalanthum,微頭花樓梯草","Galium echinocarpum,刺果豬殃殃",,"Pemphis acidula,水芫花",,"Cissus adnata,紅毛粉藤","Ficus fistulosa,豬母乳, 水同木","Conioselinum morrisonense,玉山彎柱芎","Melothria pendula,垂果瓜, 垂瓜果",,"Murdannia angustifolia,狹葉水竹葉"
"Arthraxon pauciflorus,粗梗藎草","Carex daxinensis,恆春薹","Alternanthera philoxeroides,空心蓮子草, 長梗滿天星","Anaphalis morrisonicola,玉山抱莖籟簫","Gypsophila paniculata,宿根滿天星",,"Cardamine violifolia,堇葉碎米薺",,"Persicaria scabra,糙葉蓼",,,"Nicotiana alata,翼柄煙草, 花煙草","Acacia lenticularis,大葉栲皮樹","Wahlenbergia marginata,細葉蘭花參","Fuchsia magellanica,倒掛金鐘","Ipomoea imperati,厚葉牽牛","Croton glandulosus,腺葉巴豆","Hemiphragma heterophyllum,腰只花","Elatostema oblongifolium,長圓樓梯草","Galium formosense,圓葉豬殃殃, 小紅參",,"Punica granatum,石榴",,"Parthenocissus dalzielii,地錦, 異葉地錦,異葉爬牆虎","Ficus formosana,天仙果","Coriandrum sativum,芫荽","Melothria perpusilla,細長果馬㼎兒",,"Murdannia kainantensis,海南竹葉草"
"Arthraxon quartinianus,暖地藎草","Carex dimorpholepis,二型鱗薹","Amaranthus caudatus,尾穗莧","Anaphalis nepalensis,尼泊爾籟簫","Gypsophila elegans,線狀花瞿麥",,"Draba sekiyana,臺灣山薺, 台灣山薺",,"Persicaria lanata,白苦柱",,,"Nicotiana longiflora,長花煙草","Acacia mangium,直幹相思樹","Adenophora morrisonensis,玉山沙參","Fuchsia parviflora,小花倒掛金鐘","Ipomoea indica,銳葉牽牛","Euphorbia hirta,大飛揚草, 飛揚草,飛楊草","Limnophila aromatica,紫蘇草","Elatostema platyphylloides,闊葉樓梯草","Galium fukuyamai,福山氏豬殃殃",,"Rotala hippuris,水杉菜",,"Parthenocissus tricuspidata,地錦","Ficus heteropleura,尖尾長葉榕","Cryptotaenia japonica,鴨兒芹","Momordica charantia,苦瓜",,"Murdannia nudiflora,裸花水竹葉"
"Arthrostylidium naibunensis,內文竹, 內門竹,恆春青籬竹,恆春矢竹","Carex doniana,大穗日本薹, 芒尖薹,日本薹草","Amaranthus lividus,凹葉野莧菜, 凹頭莧","Anaphalis royleana,能高籟簫","Moehringia trinervia,三脈種阜草",,"Eutrema japonica,山葵, 山俞茱",,"Persicaria maackiana,長戟葉蓼",,,"Nicotiana plumbaginifolia,皺葉煙草","Acacia melanoxylon,絲栲","Codonopsis javanica,金錢豹","Ludwigia decurrens,翼莖水丁香","Ipomoea lacunosa,白星牽牛","Euphorbia hsinchuensis,新竹地錦","Limnophila aromaticoides,擬紫蘇草","Elatostema rivulare,溪澗樓梯草","Galium morii,森氏豬殃殃",,"Rotala mexicana,輪生葉水豬母乳",,"Parthenocissus himalayana,喜馬拉雅地錦","Ficus irisana,澀葉榕","Cyclospermum leptophyllum,薄葉芹菜, 細葉旱芹","Momordica cochinchinensis,木虌子",,"Pollia fumosa,焦黃峨螺"
"Arundinaria graminea,大明竹, 四季竹,大妨竹,青葉竹,四時竹,通絲竹","Carex echinata,刺苞薹","Amaranthus patulus,青莧, 綠穗莧","Anaphalis horaimontana,蓬萊籟簫","Moehringia lateriflora,種阜草",,"Lepidium bonariense,南美獨行菜",,"Persicaria muricata,小花蓼",,,"Nicotiana tabacum,煙草, 菸草","Acacia mollisima,黑栲","Lobelia alsinoides,短柄半邊蓮","Ludwigia adscendens,白花水龍","Ipomoea littoralis,海牽牛","Euphorbia hypericifolia,假紫斑大戟, 通奶草","Limnophila taoyuanensis,桃園石龍尾","Elatostema strigillosum,微粗毛樓梯草","Galium nankotaizanum,南湖大山豬殃殃",,"Rotala ramosior,美洲水豬母乳",,"Pseudocayratia pengiana,彭氏擬烏斂莓","Ficus microcarpa,榕樹, 正榕","Daucus carota,胡蘿蔔","Mukia maderaspatana,天花",,"Pollia mollis,莫利斯峨螺"
"Arundinaria linearis,琉球矢竹, 仰葉竹","Carex fernaldiana,線葉宿柱薹","Amaranthus tricolor,雁來紅, 莧菜","Anthemis nobilis,羅馬洋甘菊","Polycarpaea corymbosa,白鼓釘, 白鼓丁",,"Lepidium virginicum,獨行菜, 北美獨行菜",,"Persicaria nepalensis,野蕎麥, 尼泊爾蓼",,,"Nicotiana sanderae,花煙草","Acacia nilotica,膠樹",,"Ludwigia epilobioides,假柳葉菜","Ipomoea mauritiana,掌葉牽牛","Euphorbia hyssopifolia,紫斑大戟","Limnophila heterophylla,異葉石龍尾","Elatostema subcoriaceum,近革葉樓梯草","Galium paradoxum,林豬殃殃, 林猪殃殃",,"Rotala rotundifolia,水豬母乳",,"Tetrastigma alatum,翼柄崖爬藤","Ficus nervosa,九丁榕, 九重吹","Eryngium foetidum,刺芫荽","Neoalsomitra integrifoliola,穿山龍",,"Pollia undosa,粗紋峨螺"
"Arundinaria simonii,空心苦竹, 水苦竹,川竹,苦竹,女竹,皮竹","Carex filicina,紅鞘薹, 蕨狀薹草","Amaranthus viridis,野莧菜","Arctium lappa,牛蒡","Polycarpon tetraphyllum,四葉多莢草",,"Lepidium englerianum,濱芥, 海濱芥菜,鴉腳菜",,"Persicaria orientalis,紅蓼, 紅草",,,"Physaliastrum chamaesarachoides,林氏燈籠草, 廣西地海椒","Acacia pycnantha,金栲",,"Ludwigia erecta,美洲水丁香","Ipomoea nil,牽牛花","Euphorbia prostrata,伏生大戟, 匍匐大戟","Limnophila sessiliflora,無柄花石龍尾","Elatostema villosum,柔毛樓梯草","Galium spurium,豬殃殃",,"Rotala taiwaniana,玉里水豬母乳",,"Tetrastigma formosanum,三葉崖爬藤","Ficus pedunculosa,蔓榕","Eryngium leavenwarthii,利便屋西刺芫荽","Neoalsomitra integrifolia,穿山龍",,"Pollia japonica,杜若"
"Arundinaria hindsii,邢氏苦竹, 寒山竹,四時竹,篲竹","Carex formosensis,寶島宿柱薹","Amaranthus dubius,假刺莧, 假刺莧","Argyranthemum frutescens,蓬茼蒿","Sagina japonica,瓜槌草, 漆姑草",,"Nasturtium officinale,水芥菜",,"Persicaria perfoliata,扛板歸, 刺藜頭",,,"Physalis angulata,燈籠草, 苦蘵","Acacia senegal,阿拉伯膠樹",,"Ludwigia hyssopifolia,細葉水丁香","Ipomoea obscura,姬牽牛, 野牽牛","Euphorbia serpens,匍根大戟","Limnophila fragrans,無柄田香草","Elatostema cyrtandrifolium,臺灣樓梯草, 台灣樓梯草","Galium taiwanense,台灣豬殃殃, 臺灣豬殃殃",,"Rotala wallichii,瓦氏水豬母乳",,"Tetrastigma bioritsense,苗栗崖爬藤, 三腳虌草","Ficus pubinervis,綠島榕","Glehnia littoralis,濱防風","Sechium edule,佛手瓜",,"Pollia miranda,小杜若, 川杜若"
"Arundinaria variegata,稚子竹","Carex fulvorubescens,茶色扁果薹","Amaranthus retroflexus,反刺莧","Artemisia annua,黃花蒿","Sagina maxima,大瓜槌草",,"Neslia paniculata,球果薺, 球果芥",,"Persicaria posumbu,花蓼",,,"Physalis minima,小酸漿","Acacia visco,秘斯卡栲",,"Ludwigia octovalvis,水丁香","Ipomoea polymorpha,變葉立牽牛","Euphorbia taihsiensis,臺西大戟, 臺西地錦,台西大戟,台西地錦","Limnophila rugosa,大葉石龍尾, 水胡椒,大葉田香草,田香草","Elatostema parvum,絨莖樓梯草","Galium tarokoense,太魯閣豬殃殃",,"Rotala rosea,五蕊水豬母乳",,"Tetrastigma lanyuense,蘭嶼崖爬藤","Ficus pumila,薜荔","Oenanthe isabellina,沙䳭, 沙即鳥","Sicyos angulatus,刺果瓜",,"Pollia secundiflora,叢林杜若, 長花枝杜若,長柄杜若"
"Arundinella hirta,野古草, 毛稈野古草","Carex hoozanensis,鳳凰宿柱薹","Amaranthus spinosus,刺莧","Artemisia indica,艾, 五月艾,白葉蒿,北艾,西南牡蒿","Sagina procumbens,仰臥漆姑草",,"Raphanus sativus,蘿蔔, 萊服",,"Persicaria praetermissa,細葉雀翹",,,"Physalis peruviana,祕魯苦蘵, 秘魯苦蘵,燈籠果","Aeschynomene indica,合萌, 山岩黃耆",,"Ludwigia ovalis,卵葉水丁香","Ipomoea purpurea,紫花牽牛","Euphorbia thymifolia,千根草, 小飛揚草","Limnophila trichophylla,石龍尾, 菊藻","Elatostema trilobulatum,裂葉樓梯草, 裂葉赤車使者","Galium trifidum,小葉四葉葎",,"Rotala indica,印度節節菜",,"Tetrastigma umbellatum,臺灣崖爬藤, 台灣崖爬藤","Ficus sarmentosa,珍珠蓮","Oenanthe pterocaulon,翼莖水芹菜","Solena amplexicaulis,茅瓜",,"Rhopalephora scaberrima,毛果竹葉菜, 毛果網籽草"
"Arundinella nepalensis,尼泊爾火茅","Carex kiotensis,班囊果薹, 褐柄薹,沙地薹草","Amaranthus inamoenus,莧菜","Artemisia japonica,牡蒿","Sagina saginoides,無毛漆姑草",,"Rapistrum rugosum,皺果薺",,"Persicaria pubescens,腺花毛蓼, 八字蓼",,,"Physalis pubescens,毛酸漿","Aeschynomene americana,敏感合萌",,"Ludwigia palustris,沼生水丁香","Ipomoea quamoclit,蔦蘿","Euphorbia cotinifolia,紫錦木, 非洲紅","Mecardonia procumbens,黃花過長沙舅","Elatostema hirtellipedunculatum,糙梗樓梯草","Galium gracilens,琉球豬殃殃, 四葉葎",,"Heimia myrtifolia,霓裳花",,"Tetrastigma dentatum,三腳虌草","Ficus septica,稜果榕, 大冇榕","Oenanthe thomsonii,多裂葉水芹菜","Thladiantha nudiflora,青牛膽",,"Tradescantia crassula,厚葉水竹草"
"Arundinella setosa,刺芒野古草","Carex kobomugi,海米, 篩草","Amaranthus hybridus,綠穗莧","Artemisia lactiflora,角菜","Silene aprica,女婁菜, 桃色女婁菜",,"Rorippa cantoniensis,廣東葶藶",,"Persicaria pulchra,絨毛蓼",,,"Solanum capsicoides,刺茄, 牛茄子,喀西茄","Albizia julibrissin,合歡",,"Ludwigia perennis,小花水丁香","Ipomoea sumatrana,蘇門答臘牽牛","Euphorbia cyathophora,猩猩草","Microcarpaea minima,微果草, 小葉胡麻草","Elatostema repens,噴煙花","Galium aparine,拉拉藤",,"Lawsonia inermis,指甲花",,"Vitis amurensis,阿穆爾葡萄","Ficus tannoensis,濱榕","Oenanthe javanica,水芹菜","Thladiantha punctata,斑花青牛膽",,"Tradescantia fluminensis,巴西水竹葉, 紫葉水竹草,巴西水竹草,銀線水竹草"
"Arundinella taiwanica,臺灣野古草, 毛野古草","Carex laticeps,彎喙薹","Beta vulgaris,根菾菜, 甜菜","Artemisia lancea,小艾, 矮蒿","Silene firma,堅硬女蔞菜",,"Rorippa indica,葶藶",,"Persicaria runcinata,玉山蓼, 散血丹",,,"Solanum insanum,黃水茄, 野茄","Albizia kalkora,山合歡",,"Ludwigia repens,匍生水丁香","Ipomoea triloba,紅花野牽牛","Euphorbia formosana,臺灣大戟, 台灣大戟","Scoparia dulcis,野甘草, 甜珠草","Elatostema cuneatum,稀齒樓梯草","Galium fukuyamae,福山氏豬殃殃",,"Sonneratia alba,海桑",,"Vitis flexuosa,光葉葡萄","Ficus tinctoria,山豬枷","Oenanthe deserti,漠䳭, 漠即鳥","Trichosanthes anguina,蛇瓜",,"Tradescantia reflexa,卷苞水竹草, 紫露草"
"Arundinella filiformis,絲狀野古草","Carex liui,劉氏薹, 臺中薹草,台中薹草","Celosia argentea,青葙","Artemisia morrisonensis,細葉山艾","Silene gallica,匙葉麥瓶草",,"Rorippa palustris,濕生葶藶",,"Persicaria sagittata,箭葉蓼",,,"Solanum melongena,茄, 茄子","Albizia lebbeck,大葉合歡",,"Ludwigia × taiwanensis,臺灣水龍, 台灣水龍","Ipomoea violacea,圓萼天茄兒","Euphorbia graminea,禾葉大戟","Stemodia verticillata,輪葉孿生花, 輪葉孿生花","Elatostema lineolatum,狹葉樓梯草","Gardenia jasminoides,山黃梔, 梔子花",,,,"Vitis kelungensis,基隆葡萄","Ficus vaccinioides,越橘葉蔓榕","Oenanthe oenanthe,穗䳭, 穗即鳥","Trichosanthes homophylla,芋葉括樓",,"Tradescantia spathacea,蚌蘭, 紫背萬年青,彩葉蚌蘭"
"Arundinella pubescens,毛野古草","Carex longistipes,長梗扁果薹","Celosia cristata,雞冠花","Artemisia tsugitakaensis,雪山艾","Silene morii,臺灣蠅子草, 台灣蠅子草",,"Rorippa sylvestris,歐亞葶藶",,"Persicaria senticosa,刺蓼, 廊茵",,,"Solanum lasiocarpum,羊不食, 毛茄","Albizia procera,黃豆樹",,"Ludwigia peruviana,祕魯水丁香","Ipomoea wrightii,槭葉小牽牛","Euphorbia helioscopia,澤漆, 乳草","Veronica arvensis,直立婆婆納","Elatostema multicanaliculatum,多溝樓梯草","Geophila repens,苞花蔓",,,,"Vitis labrusca,美洲葡萄","Ficus virgata,白肉榕, 島榕","Oenanthe pleschanka,白頂䳭, 白頂即鳥","Trichosanthes rosthornii,中華括樓, 括樓",,"Tradescantia pallida,紫錦草"
"Arundinella taiwanica,臺灣野古草, 毛野古草","Carex macrandrolepis,和平菱果薹, 菱果薹,銳果薹草","Celosia taitoensis,臺東青葙, 台東青葙","Artemisia anomala,珍珠蒿, 奇蒿","Silene morrisonmontana,玉山蠅子草",,"Rorippa austriaca,奧地利葶藶",,"Persicaria thunbergii,戟葉蓼",,,"Solanum miyakojimense,宮古茄","Albizia retusa,蘭嶼合歡",,"Ludwigia hexapetala,烏拉圭水丁香","Ipomoea batatas,甘藷, 地瓜,甘薯","Euphorbia heterophylla,白苞猩猩草","Veronica didyma,婆婆納","Elatostema platyphyllum,巒大冷清草","Geophila herbacea,苞花蔓",,,,"Vitis vinifera,葡萄","Ficus benghalensis,孟加拉榕","Osmorhiza aristata,臭根","Trichosanthes laceribracteata,槭葉括樓",,"Tradescantia flurnuensis,斑葉水竹草"
"Arundinella taiwanica,臺灣野古草, 毛野古草","Carex maculata,寬囊果薹, 斑點薹","Cyathula prostrata,假川牛膝","Artemisia capillaris,茵陳蒿","Silene glabella,南湖大山蠅子草, 禿玉山蠅子草",,"Rorippa dubia,小葶藶",,"Persicaria viscosa,粘毛蓼, 香蓼,黏毛蓼",,,"Solanum peikuoense,白狗大山茄","Albizia acle,阿克列合歡",,"Chamaenerion angustifolium,柳蘭","Ipomoea pes-tigridis,九爪藤","Euphorbia milii,麒麟花","Veronica hederifolia,睫毛婆婆納","Girardinia diversifolia,蠍子草","Guettarda speciosa,葛塔德木, 欖仁舅",,,,"Vitis adstricta,蘡奧","Ficus carica,無花果","Peucedanum formosanum,臺灣前胡, 台灣前胡","Trichosanthes ovigera,全緣括樓, 岡本氏括摟",,"Tradescantia navicularis,疊葉草"
"Arundo donax,蘆竹","Carex makinoensis,牧野氏薹","Deeringia amaranthoides,漿果莧, 紐藤","Artemisia chingii,南毛蒿, 黃毛蒿","Silene transalpina,高山蠅子草, 高山女婁草",,"Rorippa globosa,風花菜, 雲南亞麻芥",,"Persicaria barbata,毛蓼",,,"Solanum sisymbriifolium,擬刺茄, 二裂星毛刺茄,蒜介茄","Albizia amara,阿馬拉合歡",,"Clarkia elegans,山字草","Ipomoea trifida,大星牽牛, 三裂葉牽牛","Euphorbia peplus,荸艾類大戟","Veronica javanica,爪哇水苦藚, 爪哇水苦蕒","Gonostegia pentandra,五蕊石薯","Hedyotis butensis,臭涼喉茶",,,,"Vitis aestivalis,花蕾葡萄","Ficus elastica,印度橡膠樹","Peucedanum graveolens,苗栗前胡","Trichosanthes quinquangulata,蘭嶼括樓",,"Tradescantia zebrina,吊竹草"
"Arundo formosana,臺灣蘆竹, 台灣蘆竹","Carex metallica,寬穗薹, 銹果薹草","Deeringia polysperma,多子漿果莧","Artemisia filifolia,絲葉艾","Silene armeria,捕蟲瞿麥",,"Sisymbrium irio,抪娘蒿",,"Persicaria capitata,頭花蓼",,,"Solanum torvum,萬桃花, 萬桃花水茄,水茄","Albizia chinensis,盈樹",,"Taraxia lindheimeri,玉蝶花","Ipomoea carnea,樹牽牛","Euphorbia pulcherrima,聖誕紅","Veronica linariifolia,追風草, 細葉婆婆納","Gonostegia hirta,糯米糰, 糯米團","Hedyotis uncinella,長節耳草, 狗骨消",,,,"Vitis bryoniaefolia,蘡薁, 華北葡萄,蘡薁葡萄","Ficus lyrata,琴葉榕","Peucedanum japonicum,日本前胡","Trichosanthes cucumeroides,王瓜",,"Dichorisandra reginae,鴛鴦草"
"Avena fatua,野燕麥","Carex mollicula,柔果薹","Gomphrena celosioides,假千日紅","Artemisia fukudo,濱艾","Silene asclepiadea,掌脈蠅子草",,"Sisymbrium orientale,戟葉抪娘蒿",,"Persicaria conspicua,櫻蓼",,,"Solanum violaceum,印度茄, 南天茄","Albizia harveyi,哈貝合歡",,"Epilobium brevifolium,短葉柳葉菜","Ipomoea leucantha,擬紅花野牽牛","Euphorbia shouanensis,霞山大戟, 大狼毒","Veronica morrisonicola,玉山水苦藚, 玉山水苦蕒","Gonostegia matsudae,小葉石薯","Hedyotis hedyotidea,南投涼喉茶",,,,"Vitis thunbergii,細本葡萄","Ficus religiosa,菩提樹","Pimpinella diversifolia,三葉茴香","Trichosanthes kirilowii,括樓",,"Geogenanthus undatus,銀波草"
"Avena sativa,燕麥, 蓧麥","Carex morii,森氏薹","Gomphrena globosa,千日紅","Artemisia kawakamii,山艾","Silene cardiopetala,心瓣蠅子草",,"Thlaspi arvense,凹果菥蓂, 凹果薪蓂",,"Persicaria filiformis,金線草",,,"Solanum retrorsum,呂宋茄","Albizia longipedata,長合歡",,,"Ipomoea purga,球莖牽牛","Euphorbia tarokoensis,太魯閣大戟","Veronica oligosperma,貧子水苦藚, 貧子水苦蕒","Laportea aestuans,火焰桑葉麻, 腺花桑葉麻","Hedyotis chrysotricha,金毛耳草",,,,"Columella tenuifolia,薄葉野葡萄","Ficus filosa,麻布枇杷螺","Pimpinella niitakayamensis,玉山茴香, 玉山茴芹","Trichosanthes laceribractea,槭葉括樓",,"Siderasis fuscata,絨氈草"
"Axonopus affinis,類地毯草","Carex nemostachys,毛囊果薹, 條穗薹草","Gomphrena serrata,短穗假千日紅","Artemisia niitakayamensis,玉山艾","Silene coeli-rosa,鞠翠花",,"Yinshania rivulorum,臺灣假山葵, 台灣假山葵",,"Persicaria humilis,矮蓼",,,"Solanum seaforthianum,星茄, 南青杞,懸星花","Albizia lucida,光葉合歡",,,"Ipomoea cordatotriloba,大紅花野牽牛","Euphorbia tirucalli,綠珊瑚","Veronica peregrina,毛蟲婆婆納","Laportea interrupta,桑葉麻","Hedyotis brachypoda,擬定經草",,,,"Nekemias grossedentata,顯齒羽葉山葡萄","Ficus aruiculata,象耳榕","Sanicula lamelligera,三葉山芹菜","Zehneria mucronata,黑果馬㼎兒, 細長果馬㼎兒",,"Tinantia erecta,直立孀淚花"
"Axonopus compressus,地毯草","Carex nubigena,聚生穗序薹, 雲霧薹草","Iresine herbstii,洋莧, 酒丹參","Artemisia oligocarpa,高山艾","Silene fissipetala,蠅子草",,"Armoracia rusticana,辣根",,"Persicaria jucunda,愉悅蓼",,,"Solanum americanum,光果龍葵","Alysicarpus bupleurifolius,長葉煉莢豆",,,"Ipomoea pes-caprae,馬鞍藤","Euphorbia tithymaloides,紅雀珊瑚","Veronica persica,阿拉伯婆婆納, 臺北水苦蕒,台北水苦蕒","Laportea bulbifera,珠芽桑葉麻","Hedyotis diffusa,定經草",,,,"Nekemias cantoniensis,廣東山葡萄, 大葉廣東山葡萄","Ficus cumingii,糙毛榕","Sanicula petagnioides,五葉山芹菜","Zehneria japonica,馬㼎兒",,"Tradescantia zebrina,吊竹草"
"Axonopus scoparius,帝皇草","Carex orthostemon,直蕊宿柱薹","Spinacia oleracea,菠菜","Artemisia simulans,中南蒿","Silene ohwii,南湖大山蠅子草",,"Cheiranthus cheiri,桂竹香",,"Persicaria longiseta,睫穗蓼",,,"Solanum diphyllum,瑪瑙珠, 黃果龍葵","Alysicarpus ovalifolius,圓葉煉莢豆",,,"Ipomoea pestigridis,九爪藤","Euphorbia atoto,濱大戟, 海濱大戟,細齒大戟","Veronica taiwanica,臺灣水苦藚, 臺灣水苦蕒,台灣水苦蕒","Lecanthus peduncularis,長梗盤花麻","Hedyotis pinifolia,松葉耳草",,,,"Rhoicissus rhomboidea,菱葉藤","Ficus glomerata,優曇華","Sanicula rubriflora,紅花變豆菜","Cucumis melo,甜瓜",,
"Bambusa multiplex,蓬萊竹, 鳳尾竹,觀音竹,孝順竹","Carex oxyandra,南投薹, 球穗薹","Allmania nodiflora,砂莧","Artemisia absinthium,歐洲艾","Silene pendula,大蔓櫻草",,"Lobularia maritima,香雪球",,"Persicaria erectominor,姬蓼, 細葉蓼",,,"Solanum elaeagnifolium,銀葉茄","Alysicarpus rugosus,皺果煉莢豆",,,"Ipomoea cholulensis,橙紅蔦蘿","Euphorbia bifida,華南大戟","Veronica undulata,水苦藚, 水苦蕒","Leucosyke quadrinervia,四脈麻","Hedyotis taiwanense,單花耳草, 脈耳草",,,,"Yua thomsonii,俞藤","Ficus hispida,大對葉榕","Sium suave,細葉零餘子, 澤芹",,,
"Bambusa oldhamii,綠竹, 坭竹,烏藥竹,甜竹,毛綠竹","Carex perakensis,黃穗薹, 霹靂薹草","Kochia scoparia,地膚","Artemisia cina,沿海艾","Silene rosiflora,粉花蠅子草",,"Matthiola incana,紫羅蘭",,"Persicaria tripterocarpa,細葉蓼",,,"Solanum erianthum,山煙草, 假煙葉樹","Alysicarpus vaginalis,煉莢豆",,,"Jacquemontia tamnifolia,長梗毛娥房藤","Euphorbia garanbiensis,鵝鑾鼻大戟","Veronicastrum loshanense,羅山腹水草","Maoutia setosa,蘭嶼水絲麻","Hedyotis corymbosa,繖花龍吐珠",,,,"Vitis thunbergii,細本葡萄","Ficus krishnae,囊葉榕","Torilis japonica,竊衣",,,
"Bambusa pachinensis,八芝蘭竹, 米篩竹,空涵竹","Carex phacota,七星班囊果薹, 鏡子薹,七星斑囊果薹","Telanthera versicolor,紅田烏草","Artemisia mongolica,蒙古蒿","Silene vulgaris,白玉草, 狗筋麥瓶草",,"Orychophragmus violaceus,諸葛菜",,"Persicaria pilushanensis,畢祿山蓼",,,"Solanum lyratum,白英","Amorpha fruticosa,紫穗槐",,,"Jacquemontia paniculata,娥房藤","Euphorbia humifusa,田代氏大戟, 地錦","Veronicastrum formosanum,臺灣腹水草, 台灣腹水草","Nanocnide japonica,花點草","Hedyotis verticillata,粗葉耳草",,,,"Ampelopsis glandulosa,毛山葡萄","Ficus mysorensis,密蘇倫榕","Torilis scabra,紫花竊衣",,,
"Bambusa taiwanensis,烏腳綠竹, 烏腳綠,四季竹,鬍腳綠,南洋竹","Carex pumila,小海米, 矮生薹草","Telanthera amoena,青葉模樣莧","Artemisia princeps,魁蒿","Silene fissipetala,蠅子草",,"Arabidopsis lyrata,玉山筷子芥",,"Polygonum arenastrum,匍枝蓼",,,"Solanum mammosum,五指茄","Amphicarpaea bracteata,野毛扁豆",,,"Jacquemontia polyantha,多花娥房藤, 多花娥房藤的","Euphorbia maculata,斑地錦","Veronicastrum kitamurae,高山腹水草","Oreocnide pedunculata,長梗紫麻","Hedyotis koana,蘊璋耳草",,,,,"Ficus pandurata,琴葉榕","Anethum graveolens,蒔蘿",,,
"Bambusa bambos,茨竹, 緬甸刺竹,貌子竹,印度簕竹","Carex purpureotincta,太魯閣薹","Telanthera bettzichian,赤葉模樣莧","Artemisia somae,相馬氏艾","Spergula arvensis,大爪草",,"Coronopus integrifolius,濱芥",,"Polygonum aviculare,扁蓄",,,"Solanum mauritianum,野煙樹","Apios taiwaniana,臺灣土圞兒, 台灣土圞兒",,,"Lepistemon intermedius,光滑鱗蕊藤, 光滑鮮蕊藤","Euphorbia makinoi,小葉大戟","Angelonia salicariifolia,天使花","Oreocnide trinervis,三脈紫麻","Hedyotis tenelliflora,纖花耳草",,,,,"Ficus racemosa,優曇花","Anthriscus caucalis,鈎毛峨參",,,
"Bambusa dolichoclada,長枝竹, 桶仔竹,長枝仔竹","Carex rafflesiana,紅頭薹","Achyranthes aspera,土牛膝","Artemisia scoparia,黃蒿, 豬毛蒿","Spergularia marina,擬漆姑",,,,"Polygonum plebeium,假扁蓄, 節花路蓼",,,"Solanum muricatum,香瓜茄","Apios taiwanianus,臺灣土圞兒, 台灣土圞兒",,,"Lepistemon binectariferum,鮮蕊藤","Euphorbia antiquorum,霸王鞭","Linaria vulgaris,柳穿魚","Parietaria micrantha,墻草, 牆草","Hedyotis taiwanense,單花耳草",,,,,"Ficus rubiginosa,小葉橡膠樹","Anthriscus sylvestris,峨參",,,
"Bambusa dolichomerithalla,火廣竹, 火管竹,火吹竹","Carex rhynchachaenium,初島氏宿柱薹, 喙果薹草","Philoxerus wrightii,安旱草, 安旱莧","Artemisia somae,相馬氏艾","Spergularia salina,擬漆姑, 牛漆姑草",,,,"Polygonum pilushanense,畢祿山蓼",,,"Solanum nigrum,龍葵, 紅果龍葵","Arachis duranensis,蔓花生",,,"Merremia hirta,變葉菜欒藤, 變葉姬旋花","Euphorbia jolkini,岩大戟","Linaria canadensis,加拿大柳穿魚","Pellionia scabra,糙葉赤車使者","Hedyotis kuraruensis,龜子角耳草",,,,,"Ficus ruficaulis,落葉榕","Angelica dahurica,野當歸",,,
"Bambusa stenostachya,刺竹, 鬱竹,坭竹,簕竹,莿竹","Carex scabrifolia,鹼簣, 糙葉薹草",,"Artemisia somai,相馬氏艾","Stellaria chinensis,中華綴殼螺",,,,"Reynoutria japonica,虎杖, 黃藥子",,,"Solanum pittosporifolium,玉山茄, 海桐葉白英,野海茄","Arachis hypogaea,落花生, 長生果,土豆",,,"Merremia gemella,菜欒藤","Euphorbia marginata,銀邊翠","Linaria maroccana,摩洛哥柳穿魚","Pellionia radicans,赤車使者","Ixora chinensis,中國仙丹",,,,,"Ficus stricta,黃果勁直榕",,,,
"Bambusa utilis,烏葉竹","Carex scaposa,花葶薹草",,"Artemisia tyuosenicola,中央尖山艾","Stellaria gigantea,大綴殼螺",,,,"Rumex acetosa,酸模",,,"Solanum pseudocapsicum,珊瑚櫻, 玉珊瑚","Arachis glabrata,多年生花生",,,"Merremia hederacea,卵葉菜欒藤, 卵葉姬旋花","Euphorbia neriifolia,金剛纂","Penstemon campanulatus,鐘鈴花","Pilea cadierei,冷水花","Ixora duffii,大王仙丹, 大花仙丹",,,,,"Ficus thwaitesii,錫蘭榕",,,,
"Bambusa ventricosa,佛竹, 結頭竹,佛肚竹,葫蘆竹","Carex sclerocarpa,太平山薹, 硬果薹",,"Aster ageratoides,山白蘭","Stellaria solaris,扶輪螺",,,,"Rumex acetosella,小酸模",,,"Solanum rostratum,壼萼刺茄, 壺萼刺茄","Archidendron lucidum,頷垂豆, 亮葉猴耳環",,,"Operculina turpethum,盒果藤","Euphorbia resinifera,龍骨木","Russelia equisetiformis,炮竹紅","Pilea forgetii,銀道草","Ixora philippinensis,小仙丹花",,,,,"Ficus variegata,幹花榕",,,,
"Bambusa beecheyana,南洋竹","Carex sociata,中國宿柱薹, 大武宿柱薹,長穗薹草",,"Aster asa-grayi,華南狗娃花, 華南鐵桿蒿","Stellaria alsine,天蓬草, 雀舌草",,,,"Rumex crispus,皺葉酸模",,,"Solanum scabrum,木龍葵","Astragalus sinicus,紫雲英, 翹搖",,,"Stictocardia tiliifolia,大萼旋花","Euphorbia sparrmannii,心葉大戟","Russelia juncea,魯士拉草","Pilea grandis,蝦蟆草","Ixora williamsii,矮仙丹花",,,,,"Ficus maclellandii,長葉垂榕, 黃果勁直榕,麥克榕",,,,
"Bambusa vulgaris,泰山竹","Carex subfilicinoides,亞紅鞘薹, 近蕨薹草",,"Aster hispidus,狗娃花, 砂狗娃花,濱狗娃花","Stellaria arisanensis,阿里山繁縷",,,,"Rumex maritimus,連明子",,,"Solanum tuberosum,馬鈴薯","Astragalus nankotaizanensis,南湖大山紫雲英",,,"Xenostegia tridentata,戟葉菜欒藤","Euphorbia trigona,三角霸王鞭",,"Pilea japonica,日本冷水麻","Ixora brachiata,被苞仙丹花",,,,,"Ficus trichocarpa,鈍葉毛果榕",,,,
"Bothriochloa intermedia,臭根子草","Carex taihokuensis,銳果薹, 臺北薹,台北薹",,"Aster kanoi,鹿野氏馬蘭","Stellaria media,繁縷",,,,"Rumex microcarpus,小果酸模",,,"Solanum viarum,毛果茄","Astragalus nokoensis,能高大山紫雲英",,,"Quamoclit cardinalis,心臟葉蔦蘿","Excoecaria agallocha,土沉香",,"Pilea melastomoides,大冷水麻","Ixora casei,大王仙丹花",,,,,"Ficus punctata,大果藤榕, 大果榕,小葉藤榕",,,,
"Bothriochloa ischaemum,白羊草","Carex transalpina,大武宿柱薹, 長穗薹草",,"Aster lautureanus,傷食草","Stellaria aquatica,鵝兒腸, 鵝腸菜",,,,"Rumex nipponicus,小羊蹄",,,"Solanum integrifolium,觀賞茄","Bauhinia × blakeana,豔紫荊",,,"Ipomoea carnea,樹牽牛","Excoecaria cochinchinensis,青紫木, 臺灣土沉香,台灣土沉香,紅背桂花",,"Pilea microphylla,小葉冷水麻","Ixora coccinea 'Gillettes Yellow',大黃仙丹花",,,,,"Ficus subpisocarpa,雀榕, 山榕",,,,
"Bothriochloa macera,大穗孔穎草","Carex truncatigluma,細穗宿柱薹",,"Aster altaicus,臺東鐵桿蒿, 台東鐵桿蒿","Stellaria monosperma,獨子繁縷",,,,"Rumex obtusifolius,大羊蹄",,,"Solanum nitida,金盃藤","Bauhinia purpurea,洋紫荊",,,"Lepistemon binectariferum,鮮蕊藤","Excoecaria kawakamii,蘭嶼土沉香",,"Pilea nummulariifolia,古錢冷水麻, 古錢冷水花","Ixora lutea,黃仙丹花",,,,,"Ficus variegata,花球枇杷螺, 琵琶螺,胡瓜螺,酸螺",,,,
"Bothriochloa glabra,歧穗臭根子草","Carex urelytra,扁果薹",,"Aster chingshuiensis,清水馬蘭","Stellaria neglecta,疏花繁縷",,,,"Rumex trisetifer,長刺酸模",,,"Solanum pseudosaponaceum,毛柱萬桃花, 山茄","Bauhinia variegata,羊蹄甲",,,"Camonea vitifolia,掌葉耳節藤, 掌葉菜欒藤","Excoecaria formosana,臺灣土沉香, 台灣土沉香,綠背桂花",,"Pilea pumila,透莖冷水麻","Ixora parviflora,白仙丹花",,,,,"Ficus ampelas,菲律賓榕",,,,
"Bothriochloa bladhii,臭根子草","Carex wahuensis,布氏宿柱薹, 健壯薹草",,"Aster formosanus,臺灣山白蘭, 台灣山白蘭","Stellaria reticulivena,網脈繁縷",,,,"Rumex japonica,羊蹄",,,"Solanum lycopersicum,番茄","Bauhinia acuminata,馬蹄豆",,,"Decalobanthus boisianus,金鐘藤","Homonoia riparia,水楊梅",,"Pilea swinglei,三角葉冷水麻","Ixora rugosula,緬甸仙丹花",,,,,"Ficus ampelas,菲律賓榕",,,,
"Brachiaria mutica,巴拉草","Carex rochebrunei,高山穗序薹, 書帶薹草",,"Aster indicus,雞兒腸","Stellaria saxatilis,疏花繁縷",,,,"Persicaria barbata,毛蓼",,,"Tubocapsicum anomalum,龍珠","Bauhinia alba,白花羊蹄甲",,,"Distimake tuberosus,萼龍藤, 姬旋花,木玫瑰","Macaranga sinensis,紅肉橙蘭",,"Pilea angulata,長柄冷水麻","Ixora wallichi,印度仙丹花",,,,,"Maclura cochinchinensis,柘樹, 刺格,葨芝,黃金桂,枸棘,大丁癀",,,,
"Brachiaria subquadripara,四生臂形草","Carex satzumensis,油薹, 砂地薹草",,"Aster itsunboshi,大武山紫菀","Lychnis chalcedonica,美國剪秋羅",,,,"Persicaria erectominor,姬蓼, 細葉蓼",,,"Browallia demissa,歪頭花","Bauhinia galpinii,紅花羊蹄甲",,,"Distimake aegyptius,毛木玫瑰","Macaranga tanarius,血桐",,"Pilea matsudae,細尾冷水麻","Ixora westii,宮粉仙丹花",,,,,"Maclura tricuspidata,柘",,,,
"Brachiaria villosa,毛臂形草","Carex cruciata,煙火薹",,"Aster lasiocladus,絨山白蘭","Lychnis coeli-rosa,小麥剪秋羅",,,,,,,"Browallia speciosa,紫水晶","Bauhinia racemosa,穗狀花洋紫荊",,,"Distimake dissectus,七爪萼龍藤, 七爪菜欒藤","Mallotus tiliifolius,椴葉野桐",,"Pilea plataniflora,西南冷水麻","Knoxia corymbosa,諾氏草, 貴州紅芽大戟,紅芽大戟",,,,,"Malaisia scandens,盤龍木",,,,
"Brachiaria reptans,尾稃草","Carex longii,龍氏薹",,"Aster morrisonensis,玉山鐵桿蒿, 玉山紫菀","Lychnis coronata,剪夏羅",,,,,,,"Nierembergia caerulea,紫高盃花","Bauhinia tomentosa,黃花羊蹄甲",,,"Distimake quinatus,掌葉萼龍藤, 掌葉姬旋花","Mallotus japonicus,野桐",,"Pilea rotundinucula,圓果冷水麻","Lasianthus curtisii,柯氏雞屎樹",,,,,"Morus australis,小葉桑, 小桑樹",,,,
"Brachypodium kawakamii,川上短柄草","Carex taiwanensis,臺灣疏花薹, 台灣疏花薹",,"Aster oldhamii,臺灣狗娃花, 台灣狗娃花","Lychnis githago,麥仙翁",,,,,,,"Nierembergia frutescens,高盃花","Caesalpinia bonduc,老虎心",,,"Distimake quinquefolius,五葉萼龍藤, 五葉菜欒藤","Mallotus philippensis,粗糠柴, 六捻仔,嘮哩仔,柿糊木,菲島桐",,"Pilea somae,細葉冷水麻","Lasianthus fordii,琉球雞屎樹",,,,,"Morus alba,桑, 家桑,黃桑,白桑",,,,
"Brachypodium sylvaticum,基隆短柄草","Carex tsushimensis,長芒宿柱薹",,"Aster ovalifolius,臺灣紺菊, 卵形紫菀,台灣紺菊","Lychnis senno,剪秋羅",,,,,,,"Petunia hybrida,矮牽牛","Caesalpinia crista,搭肉刺",,,"Ipomoea pes-caprae,馬鞍藤","Mallotus repandus,扛香藤",,"Pilea elliptifolia,橢圓葉冷水麻","Lasianthus formosensis,台灣雞屎樹, 臺灣雞屎樹",,,,,"Morus multicaulis,魯桑",,,,
"Briza minor,銀鱗草, 銀鱗茅","Carex tumida,腫喙薹",,"Aster panduratus,琴葉紫菀, 福民紫菀,崗邊菊","Lychnis sieboldii,剪春羅",,,,,,,"Salpiglossis sinuata,美人襟","Caesalpinia decapetala,雲實",,,,"Mallotus paniculatus,白匏子",,"Pilea funkikensis,奮起湖冷水麻","Lasianthus hiiranensis,希蘭山雞屎樹, 棲蘭山雞屎樹",,,,,"Castilla elastica,美國橡皮樹",,,,
"Briza maxima,凌風草","Carex finitima,長柱薹",,"Aster subulatus,掃帚菊","Psammosilene tunicoides,金鐵鎖",,,,,,,"Schizanthus pinnatus,蝴蝶花","Caesalpinia minax,蓮實藤",,,,"Melanolepis multiglandulosa,蟲屎",,"Pilea herniarioides,美洲冷水麻","Lasianthus hirsutus,毛雞屎樹",,,,,"Ficus cumingii,糙毛榕",,,,
"Bromus carinatus,長芒扁雀麥, 顯脊雀麥","Carex gentilis,親族薹",,"Aster taiwanensis,臺灣馬蘭, 台灣馬蘭","Saponaria officinalis,皂質草",,,,,,,"Lycopersicon esculentum,番茄","Caesalpinia pulcherrima,紅蝴蝶, 番蝴蝶,洋金鳳,黃蝴蝶",,,,"Mercurialis leiocarpa,山靛",,"Pilea peploides,矮冷水麻","Lasianthus microphyllus,小葉雞屎樹",,,,,"Ficus ruficaulis,落葉榕",,,,
"Bromus catharticus,大扁雀麥, 扁穗雀麥","Carex grallatoria,水鳥薹",,"Aster taoyuenensis,桃園馬蘭","Saponaria vaccaria,王不留行",,,,,,,"Lycopersicon esculentum,番茄","Caesalpinia coriaria,狄薇豆",,,,"Homalanthus fastuosus,圓葉血桐",,"Pipturus arborescens,落尾麻","Lasianthus microstachys,薄葉雞屎樹, 小花粗葉木",,,,,"Ficus variegata,幹花榕",,,,
"Bromus commutatus,歐雀麥, 黑麥狀雀麥","Carex ligulata,具舌薹, 舌葉薹",,"Aster turbinatus,陀螺紫菀","Vaccaria hispanica,麥藍菜",,,,,,,,"Caesalpinia sappan,蘇木",,,,"Ricinus communis,蓖麻",,"Pouzolzia taiwaniana,臺灣霧水葛, 台灣霧水葛","Lasianthus tsangii,長苞雞屎樹, 錫金粗葉木",,,,,"Ficus variegata,花球枇杷螺, 琵琶螺,胡瓜螺,酸螺",,,,
"Bromus rigidus,硬雀麥","Carex manca,夢佳宿柱薹",,"Aster shimadae,島田氏雞兒腸","Cerastium fontanum,喜泉卷耳",,,,,,,,"Caesalpinia tinctoria,南美蘇木",,,,"Gelonium aequoreum,白樹仔, 臺灣白樹,台灣白樹",,"Pouzolzia elegans,水雞油","Lasianthus wallichii,圓葉雞屎樹, 斜基粗葉木",,,,,"Ficus trichocarpa,鈍葉毛果榕",,,,
"Bromus hordeaceus,毛雀麥","Carex mitrata,灰帽宿柱薹",,"Aster spathulifolius,匙葉紫菀","Stellaria monosperma,獨子繁縷",,,,,,,,"Cajanus cajan,木豆",,,,"Manihot esculenta,樹薯",,"Pouzolzia zeylanica,霧水葛","Lasianthus biflorus,壺冠木, 石核木",,,,,,,,,
"Bromus morrisonensis,玉山雀麥","Carex tristachya,三穗宿柱薹",,"Aster takasagomontanus,雪山馬蘭","Nubelaria arisanensis,阿里山繁縷",,,,,,,,"Cajanus scarabaeoides,蔓蟲豆, 蔓草蟲豆",,,,"Manihot glaziovii,薩拉橡膠樹",,"Procris laevigata,烏來麻","Lasianthus bunzanensis,文山雞屎樹, 文山粗葉木",,,,,,,,,
"Bromus pubescens,短毛雀麥","Carex morrisonicola,玉山宿柱薹",,"Aster tataricus,日本紫菀",,,,,,,,,"Callerya nitida,光葉魚藤",,,,"Vernicia fordii,油桐",,"Urtica taiwaniana,臺灣蕁麻, 台灣蕁麻","Lasianthus chinensis,白果雞屎樹",,,,,,,,,
"Bromus formosanus,臺灣雀麥, 台灣雀麥","Carex daibuensis,大武宿柱薹",,"Aster arenarius,濱狗娃花",,,,,,,,,"Callerya cinerea,灰毛雞血藤",,,,"Vernicia montana,千年桐, 廣東油桐",,"Urtica thunbergiana,咬人貓, 蕁麻","Lasianthus henryi,密毛雞屎樹",,,,,,,,,
"Bromus japonicus,雀麥","Carex dolichostachya,長穗宿柱薹",,"Aster shimadai,島田氏雞兒腸",,,,,,,,,"Calliandra haematocephala,美洲合歡",,,,"Aleurites moluccanus,石栗",,"Boehmeria nivea,苧麻","Lasianthus japonicus,日本雞屎樹",,,,,,,,,
"Bromus diandrus,硬雀麥","Carex caucasica,高加索薹草",,"Austroeupatorium inulifolium,假澤蘭",,,,,,,,,"Calliandra brevipes,香水合歡",,,,"Aleurites cordata,罌子桐",,"Elatostema lineolatum,狹葉樓梯草","Lasianthus obliquinervis,雞屎樹",,,,,,,,,
"Calamagrostis epigeios,拂子茅","Carex rochebrunii,高山穗序薹, 書帶薹草",,"Bellis perennis,雛菊",,,,,,,,,"Calliandra emarginata,紅粉撲花",,,,"Aleurites trisperma,菲律賓油桐",,,"Lasianthus cyanocarpus,毛雞屎樹",,,,,,,,,
"Calamagrostis arundinacea,類蘆野青茅, 臺灣野青茅,松田野青茅,台灣野青茅","Cladium jamaicense,克拉莎, 一本莎,華克拉莎",,"Bidens bipinnata,鬼針",,,,,,,,,"Calliandra surinamensis,粉撲花",,,,"Astraea lobata,裂葉巴豆",,,"Lasianthus biflora,壺冠木, 石核木",,,,,,,,,
"Capillipedium assimile,硬稈子草","Cyperus javanicus,羽狀穗磚子苗, 爪哇磚子苗",,"Bidens biternata,鬼針舅",,,,,,,,,"Calopogonium mucunoides,擬大豆",,,,"Codiaeum variegatum,變葉木",,,"Mitchella undulata,蔓虎刺",,,,,,,,,
"Capillipedium kwashotensis,綠島細柄草","Cyperus procerus,擬毛軸莎草",,"Bidens tripartita,狼把草",,,,,,,,,"Campylotropis giraldii,彎龍骨",,,,"Hevea brasiliensis,巴西橡膠樹",,,"Mitracarpus hirtus,蓋裂果",,,,,,,,,
"Capillipedium parviflorum,細柄草","Cyperus radians,輻射磚子苗",,"Bidens frondosa,大狼杷草",,,,,,,,,"Canavalia cathartica,小果刀豆",,,,"Jatropha multifida,細裂珊瑚油桐",,,"Morinda citrifolia,檄樹, 黃木巴戟",,,,,,,,,
"Cenchrus ciliaris,水牛草","Cyperus cuspidatus,長尖莎草",,"Bidens pilosa,白花鬼針",,,,,,,,,"Canavalia ensiformis,關刀豆, 尖萼刀豆,立刀豆,白鳳豆,洋刀豆,菜刀豆",,,,"Jatropha podagrica,珊瑚油桐",,,"Morinda parvifolia,紅珠藤, 細葉巴戟天",,,,,,,,,
"Cenchrus echinatus,蒺藜草","Cyperus alternifolius,光桿輪傘莎草, 光桿輪傘莎草",,"Blumea aromatica,薄葉艾納香",,,,,,,,,"Canavalia rosea,濱刀豆, 海刀豆",,,,"Jatropha curcas,麻瘋樹",,,"Morinda umbellata,羊角藤, 繖花藤",,,,,,,,,
"Cenchrus setaceus,羽絨狼尾草","Cyperus amuricus,阿穆爾莎草",,"Blumea balsamifera,艾納香",,,,,,,,,"Canavalia lineata,肥豬豆",,,,"Jatropha pandurifolia,日日櫻",,,"Mussaenda macrophylla,大葉玉葉金花",,,,,,,,,
"Cenchrus alopecuroides,狼尾草","Cyperus compressus,沙田草, 扁穗莎草,莎田草",,"Blumea lacera,生毛將軍",,,,,,,,,"Canavalia gladiata,刀豆, 紅鳳豆,關刀豆,紅刀豆",,,,"Jatropha gossypiifolia,紅葉麻瘋樹",,,"Mussaenda parviflora,玉葉金花",,,,,,,,,
"Cenchrus americanus,珍珠粟","Cyperus difformis,異花莎草, 異型莎草",,"Blumea laciniata,裂葉艾納香",,,,,,,,,"Cassia grandis,大果鐵刀木",,,,"Triadica sebifera,烏桕, 烏臼",,,"Mussaenda taihokuensis,台北玉葉金花, 臺北玉葉金花",,,,,,,,,
"Cenchrus setosus,牧地狼尾草, 山野狼尾草","Cyperus diffusus,多脈莎草",,"Blumea lanceolaria,走馬胎",,,,,,,,,"Cassia acutifolia,旃那",,,,"Triadica cochinchinensis,白桕",,,"Mussaenda pubescens,毛玉葉金花",,,,,,,,,
"Cenchrus clandestinus,舖地狼尾草","Cyperus digitatus,恆春莎草, 長小穗莎草",,"Blumea conspicua,大花艾納香, 藤艾納香",,,,,,,,,"Cassia auriculata,麻脫勒茶",,,,"Hura crepitans,沙盒樹",,,"Mussaenda erythrophylla,紅玉葉金花",,,,,,,,,
"Cenchrus purpureus,象草","Cyperus distans,疏穗莎草, 垂穗莎草",,"Blumea formosana,裏白艾納香, 裡白艾納香",,,,,,,,,"Cassia didymobotrya,複總望江南",,,,"Acalypha indica,印度鐵莧",,,"Mussaenda frondosa,洋玉葉金花",,,,,,,,,
"Centotheca lappacea,假淡竹葉","Cyperus eragrostis,頭穗莎草",,"Blumea glomerata,紫花大艾",,,,,,,,,"Cassia fistula,阿勃勒, 阿勒勃",,,,"Alchornea trewioides,紅背山麻桿",,,"Mussaenda taiwanensis,臺灣玉葉金花, 台灣玉葉金花",,,,,,,,,
"Chikusichloa mutica,無芒山澗草","Cyperus esculentus,黃土香",,"Blumea linearis,狹葉艾納香",,,,,,,,,"Cassia javanica,爪哇決明",,,,"Mallotus paniculatus,白匏子",,,"Mussaenda albiflora,水社玉葉金花",,,,,,,,,
"Chimonobambusa quadrangularis,四方竹, 角竹,疣竹,標竹,四季竹,方竹,箸竹","Cyperus exaltatus,無翅莎草, 高稈莎草,高桿莎草",,"Blumea mollis,柔毛艾納香",,,,,,,,,"Cassia multijuga,密葉黃槐",,,,"Jatropha gossypiifolia,紅葉麻瘋樹",,,"Mussaenda kotoensis,紅頭玉葉金花",,,,,,,,,
"Chimonobambusa szechuanensis,四川方竹","Cyperus haspan,畦畔莎草",,"Blumea oblongifolia,臺灣艾納香, 台灣艾納香",,,,,,,,,"Cassia torosa,草決明",,,,,,,"Mussaenda taiwaniana,台灣玉葉金花",,,,,,,,,
"Chimonobambusa marmorea,寒竹","Cyperus involucratus,輪傘莎草",,"Blumea viscosa,毛假蓬舅",,,,,,,,,"Cassia bakeriana,花旗木, 絨果決明,泰國櫻花,桃紅陣雨樹",,,,,,,"Neanotis formosana,台灣新耳草, 臺灣新耳草",,,,,,,,,
"Carduelis sinica,金翅雀","Cyperus iria,碎米莎草, 具芒碎米莎草",,"Blumea clarkei,七里明艾納香",,,,,,,,,"Castanospermum australe,栗豆樹",,,,,,,"Neanotis hirsuta,涼喉茶, 臺灣涼喉茶.,台灣涼喉茶.",,,,,,,,,
"Chloris barbata,孟仁草","Cyperus leptocarpus,銀穗湖瓜草",,"Blumea hieracifolia,毛將軍",,,,,,,,,"Centrosema plumieri,白花山珠豆",,,,,,,"Neonauclea reticulata,欖仁舅",,,,,,,,,
"Chloris formosana,臺灣虎尾草, 台灣虎尾草","Cyperus malaccensis,茳芏",,"Blumea chishangensis,池上艾納香",,,,,,,,,"Centrosema pubescens,山珠豆",,,,,,,"Nertera nigricarpa,黑果深柱夢草",,,,,,,,,
"Chloris gayana,蓋氏虎尾草, 非洲虎尾草","Cyperus nipponicus,白鱗莎草",,"Calendula officinalis,金盞花",,,,,,,,,"Chamaecrista mimosoides,假含羞草, 山扁豆,茶豆,黃瓜豆,含羞草決明",,,,,,,"Nertera granadense,紅果深柱夢草",,,,,,,,,
"Chloris pilosa,毛虎尾草","Cyperus pilosus,毛軸莎草",,"Calyptocarpus vialis,金腰箭舅",,,,,,,,,"Chamaecrista garambiensis,鵝鑾鼻決明",,,,,,,"Nertera granadensis,紅果深柱夢草",,,,,,,,,
"Chloris virgata,虎尾草","Cyperus platystylis,寬柱莎草",,"Carpesium abrotanoides,天名精",,,,,,,,,"Chamaecrista nictitans,假山扁豆, 大葉假含羞草,大葉山扁豆,短葉決明",,,,,,,"Oldenlandiopsis callitrichoides,匍匐微耳草",,,,,,,,,
"Chloris divaricata,垂穗虎尾草","Cyperus prolifer,紙莎草, 日本紙莎草,矮紙莎草,小紙莎草",,"Carpesium cernuum,杓兒菜",,,,,,,,,"Chamaecrista nomame,豆茶決明, 水皂角",,,,,,,"Ophiorrhiza hayatana,早田氏蛇根草",,,,,,,,,
"Chloris sinica,金翅雀","Cyperus pygmaeus,矮莎草",,"Carpesium divaricatum,煙管草",,,,,,,,,"Chamaecrista leschenaultiana,大葉假含羞草, 大葉山扁豆,短葉決明,鐵箭矮陀",,,,,,,"Ophiorrhiza japonica,蛇根草",,,,,,,,,
"Chrysopogon aciculatus,竹節草","Cyperus rotundus,香附子",,"Carpesium minus,細川氏天名精",,,,,,,,,"Chamaecrista leschenaultiana,大葉假含羞草, 大葉山扁豆,短葉決明,鐵箭矮陀",,,,,,,"Ophiorrhiza kuroiwae,小花蛇根草",,,,,,,,,
"Chrysopogon zizanioides,培地茅","Cyperus serotinus,水莎草",,"Carpesium nepalense,黃金珠",,,,,,,,,"Christia campanulata,蝙蝠草",,,,,,,"Ophiorrhiza pumila,白花蛇根草",,,,,,,,,
"Cleistogenes hackelii,朝陽隱子草","Cyperus stolonifer,粗根莖莎草",,"Carthamus tinctorius,川紅花",,,,,,,,,"Christia obcordata,舖地蝙蝠草",,,,,,,"Ophiorrhiza mitchelloides,玉蘭草",,,,,,,,,
"Coix lacryma-jobi,薏苡","Cyperus surinamensis,刺桿莎草, 刺桿莎草",,"Centipeda minima,石胡荽, 吐金草",,,,,,,,,"Clitoria falcata,鐮刀莢蝶豆",,,,,,,"Paederia cavaleriei,毛雞屎藤",,,,,,,,,
"Cymbopogon citratus,檸檬香茅, 檸檬茅","Cyperus tenuiculmis,四稜穗莎草",,"Centratherum punctatum,蘋果薊",,,,,,,,,"Clitoria ternatea,蝶豆",,,,,,,"Paederia foetida,雞屎藤, 疏花雞矢藤,雞矢藤,狹葉雞矢藤",,,,,,,,,
"Cymbopogon nardus,香茅, 亞香茅","Cyperus tenuispica,窄翅莎草, 窄穗莎草",,"Chromolaena odorata,香澤蘭, 飛機草",,,,,,,,,"Codariocalyx motorius,鐘萼豆, 舞草",,,,,,,"Pavetta indica,茜木",,,,,,,,,
"Cymbopogon tortilis,扭鞘香茅","Cyperus compactus,密穗磚子苗",,"Chrysanthemum coronarium,茼蒿",,,,,,,,,"Codariocalyx guroides,短萼豆",,,,,,,"Psychotria cephalophora,蘭嶼九節木",,,,,,,,,
"Cymbopogon winterianus,爪哇香茅, 楓茅","Cyperus polystachyos,多枝扁莎",,"Chrysanthemum frutescens,蓬蒿菊",,,,,,,,,"Crotalaria acicularis,圓葉野百合",,,,,,,"Psychotria manillensis,琉球九節木",,,,,,,,,
"Cynodon dactylon,狗牙根","Cyperus pumilus,矮扁莎",,"Chrysanthemum pacificum,太平洋菊",,,,,,,,,"Crotalaria albida,響鈴豆",,,,,,,"Psychotria rubra,九節木",,,,,,,,,
"Cynodon nlemfuensis,長穎星草","Cyperus unioloides,水社扁莎, 禾狀扁莎",,"Chrysanthemum anethifolium,瑪格麗菊",,,,,,,,,"Crotalaria assamica,大豬屎豆, 大豬屎青",,,,,,,"Psychotria serpens,拎壁龍, 風不動藤,風不動",,,,,,,,,
"Cynodon plectostachyus,星草","Cyperus pedunculatus,海濱莎",,"Chrysanthemum carinatum,粉環菊",,,,,,,,,"Crotalaria bialata,翼莖野百合",,,,,,,"Randia canthioides,台北茜草樹, 臺北茜草樹,香楠",,,,,,,,,
"Cynodon radiatus,恆春狗牙根","Cyperus odoratus,斷節莎",,"Chrysanthemum cinerariaefolium,除蟲菊",,,,,,,,,"Crotalaria calycina,長萼野百合",,,,,,,"Randia spinosa,對面花, 山石榴",,,,,,,,,
"Cyrtococcum patens,弓果黍","Cyperus albescens,華湖瓜草",,"Chrysanthemum coccineum,紅花除蟲菊",,,,,,,,,"Crotalaria chiayiana,紅花假地藍",,,,,,,"Randia wallichii,大果玉心花, 嶺羅麥",,,,,,,,,
"Cyrtococcum accrescens,散穗弓果黍","Cyperus aromaticus,多葉水蜈蚣, 多葉水蜈蚣",,"Chrysanthemum morifolium,菊花",,,,,,,,,"Crotalaria chinensis,華野百合",,,,,,,"Randia cochinchinensis,茜草樹, 龍蝦,茜樹",,,,,,,,,
"Dactylis glomerata,鴨茅","Cyperus brevifolius,短葉水蜈蚣",,"Chrysanthemum multicaule,春悄菊",,,,,,,,,"Crotalaria elliptica,雙子野百合",,,,,,,"Randia sinensis,華茜草樹, 雞爪簕",,,,,,,,,
"Dactyloctenium aegyptium,龍爪茅","Cyperus cylindrocephalus,圓筒穗水蜈蚣",,"Chrysanthemum parthenium,玲瓏菊",,,,,,,,,"Crotalaria ferruginea,假地藍",,,,,,,"Richardia brasiliensis,巴西擬鴨舌癀",,,,,,,,,
"Dendrocalamus farinosus,梁山慈","Cyperus mindorensis,單穗水蜈蚣",,"Chrysanthemum segetum,孔雀菊",,,,,,,,,"Crotalaria goreensis,西非豬屎豆",,,,,,,"Richardia scabra,擬鴨舌癀, 鴨舌癀",,,,,,,,,
"Dendrocalamus giganteus,荖濃巨竹, 印度麻竹,龍竹","Cyperus imbricatus,覆瓦狀莎草",,"Cichorium intybus,菊苣",,,,,,,,,"Crotalaria incana,恆春野百合",,,,,,,"Rubia lanceolata,金劍草, 林生茜草",,,,,,,,,
"Dendrocalamus latiflorus,麻竹","Cyperus michelianus,旋鱗莎草",,"Cirsium arisanense,阿里山薊",,,,,,,,,"Crotalaria juncea,太陽麻, 印度麻,菽麻,蘭鈴豆",,,,,,,"Rubia linii,林氏茜草",,,,,,,,,
"Dendrocalamus strictus,印度實竹, 牡竹","Cyperus orthostachyus,牛莎草",,"Cirsium brevicaule,雞觴刺, 島薊",,,,,,,,,"Crotalaria lanceolata,披針葉野百合",,,,,,,"Rubia akane,紅藤仔草, 紅藤草",,,,,,,,,
"Deschampsia atropurpurea,高山髮草","Cyperus elegans,秀麗莎草",,"Cirsium ferum,鱗毛薊",,,,,,,,,"Crotalaria linifolia,線葉野百合",,,,,,,"Sherardia arvensis,雪亞迪草",,,,,,,,,
"Deschampsia flexuosa,曲芒髮草","Cyperus mitis,疏鱗莎草",,"Cirsium hosokawae,細川氏薊",,,,,,,,,"Crotalaria medicaginea,假苜蓿",,,,,,,"Sinoadina racemosa,水冬瓜, 水團花,梨仔",,,,,,,,,
"Deschampsia cespitosa,髮草","Cyperus sphacelatus,斑鱗莎草, 墾丁扁莎",,"Cirsium japonicum,薊, 小薊,南國小薊,南國薊,雞角刺,刺薊,白花小薊",,,,,,,,,"Crotalaria micans,黃豬屎豆",,,,,,,"Spermacoce articularis,鴨舌癀舅, 糙葉豐花草",,,,,,,,,
"Deyeuxia pyramidalis,野青茅","Cyperus cyperinus,莎草磚子苗",,"Cirsium kawakamii,玉山薊",,,,,,,,,"Crotalaria pallida,黃野百合",,,,,,,"Spermacoce assurgens,光葉鴨舌癀舅",,,,,,,,,
"Deyeuxia suizanensis,水山野青茅","Cyperus tuberosus,假香附子",,"Cirsium lineare,華薊",,,,,,,,,"Crotalaria retusa,凹葉野百合",,,,,,,"Spermacoce latifolia,闊葉鴨舌癀舅, 闊葉豐花草",,,,,,,,,
"Dichanthium annulatum,雙花草","Diplacrum caricinum,裂穎茅",,"Cirsium morii,森氏薊",,,,,,,,,"Crotalaria sessiliflora,野百合",,,,,,,"Spermacoce exilis,蔓鴨舌癀舅, 二萼豐花草",,,,,,,,,
"Dichanthium aristatum,毛梗雙花草","Eleocharis atropurpurea,黑果藺, 紫果藺",,"Cirsium suzukii,鈴木氏薊",,,,,,,,,"Crotalaria similis,鵝鑾鼻野百合",,,,,,,"Spermacoce ocymifolia,擬鴨舌癀舅",,,,,,,,,
"Digitaria ciliaris,升馬唐, 纖毛馬唐","Eleocharis acicularis,牛毛顫, 牛毛氈",,"Cirsium vulgare,翼薊",,,,,,,,,"Crotalaria spectabilis,紫花野百合",,,,,,,"Spermacoce pusilla,小鴨舌癀舅",,,,,,,,,
"Digitaria decumbens,盤固草","Eleocharis acutangula,桃園藺",,"Cirsium tatakaense,塔塔加薊",,,,,,,,,"Crotalaria triquetra,砂地野百合",,,,,,,"Spermacoce verticillata,長葉鴨舌癀",,,,,,,,,
"Digitaria diversinervis,蔭指草","Eleocharis attenuata,漸尖穗荸薺",,"Cirsium taiwanense,臺灣薊, 台灣薊",,,,,,,,,"Crotalaria verrucosa,大葉野百合",,,,,,,"Spermacoce remota,光葉鴨舌癀舅",,,,,,,,,
"Digitaria fauriei,佛歐里馬唐","Eleocharis geniculata,彎形藺",,"Cirsium hosokawai,細川氏薊",,,,,,,,,"Crotalaria zanzibarica,南美豬屎豆",,,,,,,"Tarenna incerta,大果玉心花",,,,,,,,,
"Digitaria henryi,亨利馬唐","Eleocharis ochrostachys,日月潭藺, 假馬蹄",,"Clibadium surinamense,蘇利南野菊, 蘇利南野菊",,,,,,,,,"Crotalaria trichotoma,南美豬屎豆",,,,,,,"Tarenna zeylanica,錫蘭玉心花",,,,,,,,,
"Digitaria heterantha,粗穗馬唐, 二型馬唐","Eleocharis retroflexa,貝殼葉荸薺",,"Conyza bonariensis,美洲假蓬, 野桐蒿",,,,,,,,,"Cyamopsis tetragonoloba,瓜兒豆",,,,,,,"Tarenna gracilipes,薄葉玉心花",,,,,,,,,
"Digitaria ischaemum,止血馬唐","Eleocharis tetraquetra,四角藺, 龍師草",,"Conyza canadensis,加拿大蓬, 小蓬草,小白酒草,小飛蓬,姬昔蓬,小燕草,鐵道車蓬,蛇舌草,竹葉艾,魚膽草,苦蒿,祁州一隻蒿,破布艾,小山艾,臭艾,野茼蒿",,,,,,,,,"Dalbergia benthamii,藤黃檀",,,,,,,"Timonius arboreus,貝木",,,,,,,,,
"Digitaria longiflora,長花馬唐","Eleocharis dulcis,荸薺",,"Conyza japonica,日本假蓬",,,,,,,,,"Dalbergia hupeana,黃檀",,,,,,,"Tricalysia dubia,狗骨仔, 狗骨柴",,,,,,,,,
"Digitaria mollicoma,絨馬唐","Eleocharis parvula,矮稈荸薺",,"Conyza aegyptiaca,埃及假蓬",,,,,,,,,"Dalbergia sissoo,印度黃檀",,,,,,,"Uncaria hirsuta,台灣鉤藤, 臺灣鉤藤,倒吊風藤",,,,,,,,,
"Digitaria sanguinalis,馬唐","Fimbristylis diphylloides,擬二葉飄拂草, 繖形飄拂草,球穗飄拂草",,"Conyza leucantha,粘毛假蓬",,,,,,,,,"Dalbergia candenatensis,彎枝黃檀",,,,,,,"Uncaria rhynchophylla,鉤藤, 嘴葉鉤藤,侯鉤藤",,,,,,,,,
"Digitaria setigera,短穎馬唐, 海南馬唐","Fimbristylis eragrostis,紫穗飄拂草, 知風飄拂草,褐鱗飄拂草",,"Conyza sumatrensis,野茼蒿",,,,,,,,,"Dalbergia latifolia,闊葉黃檀",,,,,,,"Uncaria gambier,馬來鉤藤",,,,,,,,,
"Digitaria violascens,紫果馬唐, 紫馬唐","Fimbristylis tomentosa,絨毛飄拂草",,"Coreopsis lanceolata,大金雞菊, 線葉金雞菊",,,,,,,,,"Delonix regia,鳳凰木",,,,,,,"Wendlandia formosana,水金京",,,,,,,,,
"Digitaria leptalea,叢立馬唐","Fimbristylis acuminata,尖穗飄拂草",,"Coreopsis tinctoria,波斯菊",,,,,,,,,"Dendrolobium dispermum,雙節山螞蝗",,,,,,,"Wendlandia luzoniensis,呂宋水錦樹",,,,,,,,,
"Digitaria magna,大絨馬唐","Fimbristylis autumnalis,秋飄拂草",,"Coreopsis basalis,金雞菊",,,,,,,,,"Dendrolobium umbellatum,白木蘇花",,,,,,,"Wendlandia uvariifolia,水錦樹",,,,,,,,,
"Digitaria radicosa,小馬唐","Fimbristylis bisumbellata,大畦畔飄拂草, 複序飄拂草",,"Coreopsis drummondii,金雞蘭",,,,,,,,,"Dendrolobium triangulare,假木豆",,,,,,,"Theligonum formosanum,台灣纖花草, 臺灣纖花草",,,,,,,,,
"Digitaria sericea,絹毛馬唐","Fimbristylis complanata,野飄拂草, 扁鞘飄拂草",,"Cosmos bipinnatus,大波斯菊",,,,,,,,,"Derris laxiflora,疏花魚藤",,,,,,,"Theligonum japonicum,日本纖花草",,,,,,,,,
"Dimeria falcata,鐮形觿茅","Fimbristylis cymosa,乾溝飄拂草, 黑果飄拂草,佛焰苞飄拂草",,"Cosmos sulphureus,黃波斯菊",,,,,,,,,"Derris canarensis,蘭嶼魚藤",,,,,,,"Dimetia hedyotidea,南投涼喉茶, 牛白藤",,,,,,,,,
"Dimeria ornithopoda,觿茅","Fimbristylis dichotoma,竹子飄拂草, 兩歧飄拂草",,"Cotula australis,南方山芫荽",,,,,,,,,"Derris trifoliata,三葉魚藤",,,,,,,"Exallage chrysotricha,金毛耳草",,,,,,,,,
"Dinebra arabica,地巴拉草","Fimbristylis griffithii,葛氏飄拂草",,"Cotula hemisphaerica,山芫荽",,,,,,,,,"Derris elliptica,毛魚藤, 魚藤",,,,,,,"Oldenlandia corymbosa,繖花龍吐珠, 定經草,珠仔草",,,,,,,,,
"Dinebra retroflexa,彎穗草","Fimbristylis littoralis,四稜飄拂草, 水虱草,日照飄拂草,木虱草,旱草,風篦草",,"Crassocephalum crepidioides,昭和草",,,,,,,,,"Derris malaccensis,麻六甲魚藤",,,,,,,"Scleromitrion sirayanum,西拉雅蛇舌草",,,,,,,,,
"Eccoilopus formosanus,臺灣油芒, 台灣油芒","Fimbristylis macassarensis,土城飄拂草",,"Crepidiastrum lanceolatum,細葉假黃鵪菜",,,,,,,,,"Derris scandens,澳洲魚藤",,,,,,,"Scleromitrion angustifolium,細葉龍吐珠, 纖花耳草",,,,,,,,,
"Eccoilopus cotulifer,油芒","Fimbristylis microcarya,臺北飄拂草, 台北飄拂草",,"Crepidiastrum taiwanianum,臺灣假黃鵪菜, 台灣假黃鵪菜",,,,,,,,,"Derris oblonga,蘭嶼魚藤, 矩葉魚藤,直立魚藤",,,,,,,"Scleromitrion verticillatum,粗葉耳草",,,,,,,,,
"Echinochloa crus-galli,稗","Fimbristylis quinquangularis,五稜飄拂草, 四稜飄拂草,水蝨草,五稜稈飄拂草",,"Crossostephium chinense,蘄艾",,,,,,,,,"Desmanthus virgatus,多枝草合歡",,,,,,,"Scleromitrion pinifolium,松葉耳草, 松葉耳草",,,,,,,,,
"Echinochloa frumentacea,湖南稷子, 參子","Fimbristylis nutans,點頭飄拂草, 垂穗飄拂草",,"Dendranthema indicum,油菊, 野菊",,,,,,,,,"Desmodium intortum,西班牙三葉草, 營多藤,南投山螞蝗",,,,,,,"Scleromitrion brachypodum,白花蛇舌草, 擬定經草",,,,,,,,,
"Echinochloa colona,芒稷, 光頭稗","Fimbristylis ovata,卵形飄拂草",,"Dendranthema morii,森氏菊, 臺灣菊,台灣菊",,,,,,,,,"Desmodium multiflorum,多花山螞蝗",,,,,,,"Scleromitrion diffusum,定經草, 圓莖耳草",,,,,,,,,
"Eleusine coracana,穇子, 穇","Fimbristylis polytrichoides,高雄飄拂草, 细葉飄拂草",,"Dendranthema arisanense,阿里山油菊, 阿里山菊",,,,,,,,,"Desmodium tortuosum,紫花山螞蝗, 南美山螞蝗",,,,,,,"Scleromitrion koanum,蘊璋耳草",,,,,,,,,
"Eleusine indica,牛筋草","Fimbristylis schoenoides,嘉義飄拂草, 少穗飄拂草",,"Dendranthema horaimontana,蓬萊油菊",,,,,,,,,"Desmodium uncinatum,銀葉藤, 西班牙三葉草",,,,,,,"Borreria laevis,小破得力",,,,,,,,,
"Elymus ciliaris,纖毛披鹼草","Fimbristylis shimadana,白穗飄拂草",,"Dendranthema lavandulifolium,甘菊",,,,,,,,,"Desmodium scorpiurus,蝦尾山螞蝗",,,,,,,"Cinchona pubescens,大葉金雞納樹, 大葉雞納樹",,,,,,,,,
"Elymus tsukushiensis,膜緣披鹼草","Fimbristylis spathacea,佛焰苞飄拂草",,"Dichrocephala integrifolia,茯苓菜",,,,,,,,,"Desmodium capitatum,頭花山螞蝗",,,,,,,"Cinchona calisaya,白金雞納樹",,,,,,,,,
"Elymus formosanus,臺灣披鹼草, 台灣披鹼草","Fimbristylis squarrosa,大屯山飄拂草, 畦畔飄拂草",,"Echinops grijsii,漏盧, 山防風",,,,,,,,,"Dumasia miaoliensis,苗栗野豇豆",,,,,,,"Cinchona hybrida,雜種金雞納樹",,,,,,,,,
"Enteropogon dolichostachyus,腸鬚草","Fimbristylis stolonifera,匍匐莖飄拂草",,"Eclipta angustata,窄葉鱧腸",,,,,,,,,"Dunbaria merrillii,麥氏野扁豆",,,,,,,"Cinchona ledgeriana,小葉金雞納樹, 小葉雞納樹",,,,,,,,,
"Enteropogon gracilior,細穗腸鬚草","Fimbristylis subinclinata,知本飄拂草",,"Eclipta prostrata,鱧腸",,,,,,,,,"Dunbaria rotundifolia,圓葉野扁豆",,,,,,,"Cinchona succirubra,大葉金雞納樹",,,,,,,,,
"Enteropogon unispiceus,細穗腸鬚草","Fimbristylis tetragona,四方型飄拂草, 四棱飄拂草",,"Eclipta zippeliana,毛鱧腸",,,,,,,,,"Dunbaria villosa,毛野扁豆",,,,,,,"Coffea arabica,咖啡樹, 咖啡",,,,,,,,,
"Eragrostis amabilis,鯽魚草","Fimbristylis thomsonii,鬼野飄拂草, 西南飄拂草",,"Elephantopus mollis,地膽草, 毛蓮菜",,,,,,,,,"Dysolobium pilosum,毛豇豆",,,,,,,"Coffea liberica,利比亞咖啡",,,,,,,,,
"Eragrostis atrovirens,鼠婦草","Fimbristylis ferruginea,彭佳嶼飄拂草",,"Elephantopus scaber,燈豎朽",,,,,,,,,"Eriosema chinense,豬仔笠",,,,,,,"Coffea robusta,岡果咖啡",,,,,,,,,
"Eragrostis autumnalis,秋畫眉草","Fimbristylis tainanensis,臺南飄拂草, 台南飄拂草",,"Eleutheranthera ruderalis,離葯金腰箭, 離藥金藥箭",,,,,,,,,"Erythrina crista-galli,雞冠刺桐, 象牙花",,,,,,,"Diplospora dubia,狗骨仔, 狗骨柴",,,,,,,,,
"Eragrostis brownii,長畫眉草","Fimbristylis sericea,黃色飄拂草, 絹毛飄拂草",,"Emilia fosbergii,纓絨花",,,,,,,,,"Erythrina variegata,刺桐, 龍牙花,納塔爾刺桐",,,,,,,"Pentas lanceolata,繁星花",,,,,,,,,
"Eragrostis cilianensis,大畫眉草","Fimbristylis aestivalis,小畦畔飄拂草",,"Emilia praetermissa,粉黃纓絨花",,,,,,,,,"Erythrina × bidwillii,龍牙花, 佛羅里達刺桐",,,,,,,"Vangueria madagascariensis,圓滑果",,,,,,,,,
"Eragrostis ciliaris,毛畫眉草","Fimbristylis tristachya,三穗飄拂草",,"Emilia sonchifolia,一點紅, 葉下紅,紫背草",,,,,,,,,"Erythrina abyssinica,非洲刺桐",,,,,,,"Adina globiflora,球花水團花",,,,,,,,,
"Eragrostis bulbillifera,肯氏畫眉草","Fimbristylis umbellaris,繖形飄拂草, 球穗飄拂草",,"Emilia × latens,擴花紫背草",,,,,,,,,"Erythrina acanthocarpa,南非刺桐",,,,,,,"Anthocephalus chinensis,卡鄧伯木",,,,,,,,,
"Eragrostis curvula,垂愛草","Fuirena ciliaris,毛三稜, 毛芙蘭草",,"Epaltes australis,鵝不食草",,,,,,,,,"Erythrina berteroana,馬提羅亞刺桐",,,,,,,"Catesbaea spinosa,卡德斯巴牙藤",,,,,,,,,
"Eragrostis cylindrica,短穗畫眉草","Fuirena umbellata,黑珠蒿, 芙蘭草",,"Erechtites hieraciifolius,饑荒草",,,,,,,,,"Erythrina caffra,火炬刺桐",,,,,,,"Hamelia patens,醉嬌花",,,,,,,,,
"Eragrostis fauriei,佛歐里畫眉草","Gahnia tristis,黑莎草",,"Erechtites valerianifolius,飛機草",,,,,,,,,"Erythrina princeps,南非象牙紅",,,,,,,"Hoffmannia ghiesbreghtii,四稜錦袍木",,,,,,,,,
"Eragrostis ferruginea,知風草","Gahnia javanica,爪哇黑莎草",,"Erechtites valerianifolia,飛機草",,,,,,,,,"Erythrina vespertilio,蝙蝠刺桐",,,,,,,"Hoffmannia refulgens,錦袍木",,,,,,,,,
"Eragrostis japonica,日本鯽魚草, 亂草","Hypolytrum nemorum,割雞芒, 臺灣割雞,台灣割雞",,"Erigeron annuus,白頂飛蓬",,,,,,,,,"Erythrina corallodendron,珊瑚刺桐, 龍牙花,象牙紅",,,,,,,"Posoqueria longiflora,長花柏索奎利亞",,,,,,,,,
"Eragrostis minor,小畫眉草","Lepironia articulata,石龍芻, 交薦草,蒲草",,"Erigeron bellioides,類雛菊飛蓬",,,,,,,,,"Euchresta formosana,臺灣山豆根, 台灣山豆根,七葉蓮",,,,,,,"Lasianthus japonicus,日本雞屎樹",,,,,,,,,
"Eragrostis multicaulis,多桿畫眉草, 多稈畫眉草","Mariscus cyperinus,莎草磚子苗",,"Erigeron dubius,日本蓬",,,,,,,,,"Euchresta horsfieldii,伏毛山豆根",,,,,,,"Lasianthus obliquinervis,雞屎樹",,,,,,,,,
"Eragrostis nevinii,尼氏畫眉草, 華南畫眉草","Mariscus sumatrensis,磚子苗",,"Erigeron morrisonensis,玉山飛蓬",,,,,,,,,"Flemingia prostrata,菲島佛萊明豆",,,,,,,"Rubia akane,紅藤仔草, 紅藤草",,,,,,,,,
"Eragrostis nutans,細葉畫眉草","Pycreus sulcinux,墾丁扁莎, 槽果扁莎",,"Eupatorium amabile,腺葉澤蘭",,,,,,,,,"Flemingia lineata,線葉佛來明豆",,,,,,,"Buchozia japonica,六月雪, 滿天星",,,,,,,,,
"Eragrostis pilosa,畫眉草","Pycreus sanguinolentus,紅鱗扁莎",,"Eupatorium formosanum,臺灣澤蘭, 台灣澤蘭",,,,,,,,,"Flemingia macrophylla,大葉佛來明豆, 鏽毛千斤拔,寬葉千斤拔,雲南千斤拔",,,,,,,"Gynochthodes parvifolia,紅珠藤, 細葉巴戟天",,,,,,,,,
"Eragrostis pilosissima,多毛知風草","Pycreus flavidus,球穗扁莎",,"Eupatorium hualienense,花蓮澤蘭",,,,,,,,,"Flemingia strobilifera,佛來明豆",,,,,,,"Gynochthodes umbellata,羊角藤, 繖花藤",,,,,,,,,
"Eragrostis pilosiuscula,毛葉知風草, 有毛畫眉草","Remirea maritima,海濱莎",,"Eupatorium lindleyanum,林氏澤蘭",,,,,,,,,"Galactia tashiroi,田代氏乳豆, 臺灣乳豆,台灣乳豆",,,,,,,"Psydrax gynochthodes,朴萊木",,,,,,,,,
"Eragrostis tenuifolia,薄葉畫眉草","Rhynchospora alba,白穗刺子莞, 新竹莞,白鳞刺子莞",,"Eupatorium shimadai,島田氏澤蘭, 毛果澤蘭",,,,,,,,,"Galactia tenuiflora,細花乳豆",,,,,,,,,,,,,,,,
"Eragrostis unioloides,牛虱草","Rhynchospora chinensis,華刺子莞",,"Eupatorium chinense,華澤蘭",,,,,,,,,"Gleditsia rolfei,恆春皂莢, 華南皂莢",,,,,,,,,,,,,,,,
"Eragrostis cumingii,肯氏畫眉草","Rhynchospora colorata,白鷺莞",,"Eupatorium clematideum,田代氏澤蘭",,,,,,,,,"Gleditsia sinensis,皂莢",,,,,,,,,,,,,,,,
"Eremochloa ciliaris,蜈蚣草","Rhynchospora corymbosa,三儉草",,"Eupatorium kiirunense,基隆澤蘭",,,,,,,,,"Glycine dolichocarpa,扁豆莢大豆",,,,,,,,,,,,,,,,
"Eremochloa ophiuroides,假儉草","Rhynchospora malasica,馬來刺子莞",,"Eupatorium shimadae,島田氏澤蘭, 毛果澤蘭",,,,,,,,,"Glycine max,大豆, 毛豆,野大豆",,,,,,,,,,,,,,,,
"Erianthus formosanus,臺灣蔗草, 台灣蔗草","Rhynchospora rubra,刺子莞",,"Farfugium japonicum,山菊",,,,,,,,,"Glycine tabacina,澎湖大豆",,,,,,,,,,,,,,,,
"Eriochloa procera,高野黍","Rhynchospora rugosa,皺果刺子莞",,"Flaveria bidentis,黃頂菊",,,,,,,,,"Glycine tomentella,闊葉大豆",,,,,,,,,,,,,,,,
"Eriochloa villosa,野黍","Schoenoplectiella multiseta,疏稈水毛花",,"Flaveria linearis,線葉黃頂菊",,,,,,,,,"Haematoxylum campechianum,墨水樹",,,,,,,,,,,,,,,,
"Eriochloa contracta,扁野黍","Schoenoplectiella juncoides,螢藺, 大井氏水莞",,"Gaillardia pulchella,天人菊",,,,,,,,,"Hylodesmum podocarpum,圓菱葉山螞蝗",,,,,,,,,,,,,,,,
"Eriochloa punctata,蒼白野黍","Schoenoplectiella wallichii,臺灣水莞, 豬毛草,台灣水莞",,"Gaillardia aristata,大天人菊",,,,,,,,,"Hylodesmum laterale,琉球山螞蝗",,,,,,,,,,,,,,,,
"Eriochloa succincta,伏生野黍","Schoenoplectiella lineolata,蘭嶼莞, 匍伏莞草",,"Galinsoga parviflora,小米菊",,,,,,,,,"Hylodesmum leptopus,細梗山螞蝗",,,,,,,,,,,,,,,,
"Euchlaena mexicana,類蜀黍","Schoenoplectiella mucronata,水毛花",,"Galinsoga quadriradiata,粗毛小米菊",,,,,,,,,"Hylodesmum densum,菱葉山螞蝗",,,,,,,,,,,,,,,,
"Eulalia leschenaultiana,細稈金茅, 龔氏金茅","Schoenoplectiella supina,仰臥桿水蔥",,"Gerbera anandria,大丁草",,,,,,,,,"Hylodesmum leptopus,細梗山螞蝗",,,,,,,,,,,,,,,,
"Eulalia quadrinervis,四脈金茅","Schoenoplectus triqueter,蒲, 席草,大甲草,薦草",,"Gerbera aurantiaca,太陽花",,,,,,,,,"Indigofera byobiensis,貓鼻頭木藍",,,,,,,,,,,,,,,,
"Eulalia speciosa,金茅","Schoenoplectus tabernaemontani,莞, 大水莞,水蔥",,"Gerbera jamesonii,火輪菊",,,,,,,,,"Indigofera galegoides,假大青藍",,,,,,,,,,,,,,,,
"Eulaliopsis binata,擬金茅","Schoenus apogon,矮赤箭莎",,"Glossocardia bidens,香茹, 鹿角草",,,,,,,,,"Indigofera glandulifera,腺葉木藍",,,,,,,,,,,,,,,,
"Eustachys tenera,真穗草","Schoenus falcatus,赤箭莎",,"Gnaphalium adnatum,紅面番",,,,,,,,,"Indigofera hirsuta,毛木藍",,,,,,,,,,,,,,,,
"Festuca arundinacea,葦狀羊茅","Schoenus nitens,匍莖赤箭莎",,"Gnaphalium calviceps,直莖鼠麴草",,,,,,,,,"Indigofera nigrescens,黑木藍",,,,,,,,,,,,,,,,
"Festuca elatior,歐洲羊茅","Scirpus hainanensis,海南藨草",,"Gnaphalium japonicum,父子草, 天青地白",,,,,,,,,"Indigofera pedicellata,長梗木藍",,,,,,,,,,,,,,,,
"Festuca formosana,臺灣羊茅, 台灣羊茅","Scirpus ternatanus,大莞草, 百穗藨草",,"Gnaphalium pensylvanicum,匙葉鼠麴草",,,,,,,,,"Indigofera pseudo-tinctoria,馬棘",,,,,,,,,,,,,,,,
"Festuca japonica,日本羊茅, 雅庫羊茅","Scleria biflora,二花珍珠茅",,"Gnaphalium polycaulon,多莖鼠麴草, 多莖鼠麴舅",,,,,,,,,"Indigofera ramulosissima,太魯閣木藍",,,,,,,,,,,,,,,,
"Festuca leptopogon,高砂羊茅, 弱序羊茅","Scleria levis,毛果珍珠茅",,"Gnaphalium purpureum,鼠麴舅",,,,,,,,,"Indigofera spicata,穗花木藍, 倒卵葉木藍",,,,,,,,,,,,,,,,
"Festuca ovina,羊茅, 草稃羊茅","Scleria lithosperma,石果珍珠茅",,"Gnaphalium spicatum,裏白鼠麴草",,,,,,,,,"Indigofera suffruticosa,野木藍",,,,,,,,,,,,,,,,
"Festuca parvigluma,小穎羊茅","Scleria novae-hollandiae,澳洲珍珠茅",,"Gnaphalium hypoleucum,秋鼠麴草",,,,,,,,,"Indigofera taiwaniana,臺灣木藍, 台灣木藍",,,,,,,,,,,,,,,,
"Festuca rubra,紫羊茅","Scleria radula,光果珍珠茅",,"Gnaphalium luteoalbum,絲綿草",,,,,,,,,"Indigofera tinctoria,木藍",,,,,,,,,,,,,,,,
"Garnotia acutigluma,銳穎葛氏草, 三芒耳稃草","Scleria rugosa,皺果珍珠茅",,"Grangea maderaspatana,線球菊, 田基黃,芫荽菊",,,,,,,,,"Indigofera trifoliata,三葉木藍",,,,,,,,,,,,,,,,
"Gigantochloa aspera,菲律賓巨草竹","Scleria scrobiculata,輪葉珍珠茅, 華珍珠茅",,"Guizotia abyssinica,小油菊",,,,,,,,,"Indigofera venulosa,脈葉木藍",,,,,,,,,,,,,,,,
"Glyceria leptolepis,假鼠婦草","Scleria sumatrensis,印尼珍珠茅",,"Gymnocoronis spilanthoides,光冠水菊, 光葉水菊",,,,,,,,,"Indigofera zollingeriana,蘭嶼木藍",,,,,,,,,,,,,,,,
"Hackelochloa granularis,亥氏草, 球穗草","Scleria terrestris,陸生珍珠茅",,"Gynura bicolor,紅鳳菜",,,,,,,,,"Indigofera linifolia,細葉木藍",,,,,,,,,,,,,,,,
"Helictotrichon abietetorum,冷杉異燕麥","Scleria harlandii,圓桿珍珠茅",,"Gynura elliptica,蘭嶼木耳菜",,,,,,,,,"Indigofera hendecaphylla,穗花木藍, 倒卵葉木藍",,,,,,,,,,,,,,,,
"Hemarthria compressa,扁穗牛鞭草","Trichophorum subcapitatum,玉山針藺",,"Gynura japonica,黃花三七草",,,,,,,,,"Indigofera pseudotinctoria,馬棘",,,,,,,,,,,,,,,,
"Heteropogon contortus,黃茅","Carex cruciata,煙火薹",,"Gynura aurantica,紫絨藤",,,,,,,,,"Indigofera spicata,倒卵葉木藍",,,,,,,,,,,,,,,,
"Holcus lanatus,絨毛草","Cyperus imbricatus,覆瓦狀莎草",,"Gynura divaricata,白鳳菜",,,,,,,,,"Inocarpus fagifer,太平洋栗, 太平洋粟,太平洋胡桃",,,,,,,,,,,,,,,,
"Hordeum vulgare,大麥, 二棱大麥","Eleocharis dulcis,荸薺",,"Helianthus annuus,向日葵",,,,,,,,,"Kummerowia stipulacea,圓葉雞眼草",,,,,,,,,,,,,,,,
"Hygroryza aristata,水禾","Fimbristylis aestivalis,小畦畔飄拂草",,"Helianthus debilis,向日葵",,,,,,,,,"Kummerowia striata,雞眼草",,,,,,,,,,,,,,,,
"Hymenachne pseudointerrupta,膜稃草","Fimbristylis tristachya,三穗飄拂草",,"Helianthus tuberosus,塊根向日葵",,,,,,,,,"Lablab purpureus,鵲豆",,,,,,,,,,,,,,,,
"Hymenachne patens,展穗膜稃草","Schoenoplectiella mucronata,水毛花",,"Hemisteptia lyrata,泥胡菜, 喜林風毛菊",,,,,,,,,"Lathyrus odoratus,香豌豆",,,,,,,,,,,,,,,,
"Hymenachne amplexicaulis,膜稃草","Schoenoplectiella supina,仰臥桿水蔥",,"Hieracium morii,森氏山柳菊",,,,,,,,,"Lespedeza bicolor,山胡枝子",,,,,,,,,,,,,,,,
"Hyparrhenia hirta,紅鞘草","Bolboschoenus maritimus,海濱藨草",,"Hypochaeris chillensis,智利貓兒菊, 智利貓耳菊",,,,,,,,,"Lespedeza chinensis,華胡枝子",,,,,,,,,,,,,,,,
"Ichnanthus vicinus,距花黍",,,"Hypochaeris glabra,光貓兒菊",,,,,,,,,"Lespedeza daurica,大胡枝子, 興安胡枝子",,,,,,,,,,,,,,,,
"Ichnanthus pallens,青白距花黍",,,"Hypochaeris radicata,貓兒菊",,,,,,,,,"Lespedeza virgata,細梗胡枝子",,,,,,,,,,,,,,,,
"Imperata cylindrica,白茅",,,"Ixeridium calcicola,太魯閣刀傷草",,,,,,,,,"Lespedeza cuneata,鐵掃帚, 千里光",,,,,,,,,,,,,,,,
"Indocalamus longiauritus,箬竹",,,"Ixeridium laevigatum,刀傷草",,,,,,,,,"Lespedeza thunbergii,日本胡枝子, 美麗胡枝子",,,,,,,,,,,,,,,,
"Isachne albens,白花柳葉箬",,,"Ixeridium transnokoense,能高刀傷草",,,,,,,,,"Leucaena leucocephala,銀合歡, 灰金合歡",,,,,,,,,,,,,,,,
"Isachne beneckei,本氏柳葉箬",,,"Ixeris debilis,細葉剪刀股",,,,,,,,,"Lotus pacificus,太平洋百脈根",,,,,,,,,,,,,,,,
"Isachne dispar,異花柳葉箬",,,"Ixeris dentata,齒葉苦蕒菜, 葉兔仔菜",,,,,,,,,"Lotus pacifica,蘭嶼百脈根",,,,,,,,,,,,,,,,
"Isachne globosa,柳葉箬",,,"Ixeris tamagawaensis,澤苦菜, 禾葉兔仔菜",,,,,,,,,"Lotus corniculatus,百脈根",,,,,,,,,,,,,,,,
"Isachne kunthiana,肯氏柳葉箬",,,"Ixeris polycephala,多頭苦菜, 野剪刀股",,,,,,,,,"Lotus pacifica,蘭嶼百脈根",,,,,,,,,,,,,,,,
"Isachne miliacea,類黍柳葉箬",,,"Ixeris repens,濱剪刀股",,,,,,,,,"Lotus taitungensis,蘭嶼百脈根, 太平洋百脈根,臺東百脈根",,,,,,,,,,,,,,,,
"Isachne myosotis,荏弱柳葉箬",,,"Ixeris stolonifera,蔓苦藚, 蔓苦蕒",,,,,,,,,"Lupinus angustifolius,狹葉羽扇豆",,,,,,,,,,,,,,,,
"Isachne nipponensis,日本柳葉箬",,,"Ixeris chinensis,兔仔菜, 中華小苦蕒",,,,,,,,,"Lupinus albus,白花羽扇豆",,,,,,,,,,,,,,,,
"Ischaemum muticum,無芒鴨嘴草",,,"Ixeris strigosa,粗毛兔仔菜",,,,,,,,,"Lupinus digitatus,埃及羽扇豆",,,,,,,,,,,,,,,,
"Ischaemum rugosum,田間鴨嘴草, 田代氏鴨嘴草",,,"Ixeris graminea,禾葉兔仔菜",,,,,,,,,"Lupinus hartwegii,雙景羽扇豆",,,,,,,,,,,,,,,,
"Ischaemum setaceum,小黃金鴨嘴草",,,"Lactuca dentata,齒緣葉萵苣",,,,,,,,,"Lupinus incanus,大葉羽扇豆",,,,,,,,,,,,,,,,
"Ischaemum timorense,帝汶鴨嘴草",,,"Lactuca serriola,刺萵苣, 刺萵苣",,,,,,,,,"Lupinus luteus,黃花羽扇豆",,,,,,,,,,,,,,,,
"Ischaemum akoense,屏東鴨嘴草",,,"Lactuca sativa,萵苣",,,,,,,,,"Lupinus micranthus,美國羽扇豆",,,,,,,,,,,,,,,,
"Ischaemum aristatum,芒穗鴨嘴草",,,"Lagenophora lanata,瓶頭草",,,,,,,,,"Lupinus mutabilis,雜色羽扇豆",,,,,,,,,,,,,,,,
"Ischaemum barbatum,瘤鴨嘴草, 粗毛鴨嘴草,毛瘤鴨嘴草",,,"Laggera alata,六角草, 都麗菊",,,,,,,,,"Lupinus nanus,倭羽扇豆",,,,,,,,,,,,,,,,
"Ischaemum ciliare,細毛鴨嘴草, 印度鴨嘴草",,,"Lapsanastrum apogonoides,稻槎菜",,,,,,,,,"Lupinus polyphyllus,宿根羽扇豆",,,,,,,,,,,,,,,,
"Ischaemum crassipes,鴨嘴草",,,"Lapsanastrum takasei,臺灣稻槎菜, 臺灣稻槎草,台灣稻槎草",,,,,,,,,"Maackia taiwanensis,臺灣馬鞍樹, 島槐,台灣馬鞍樹",,,,,,,,,,,,,,,,
"Ischaemum aureum,黃金鴨嘴草",,,"Launaea sarmentosa,蔓莖栓果菊, 匐枝栓果菊",,,,,,,,,"Macroptilium atropurpureus,賽芻豆, 紫花大翼豆",,,,,,,,,,,,,,,,
"Ischaemum indicum,印度鴨嘴草",,,"Launaea procumbens,假小喙菊",,,,,,,,,"Macroptilium bracteatum,苞葉賽芻豆",,,,,,,,,,,,,,,,
"Koeleria pyramidata,洽草",,,"Leontopodium microphyllum,玉山薄雪草",,,,,,,,,"Macroptilium lathyroides,寬翼豆",,,,,,,,,,,,,,,,
"Leersia hexandra,李氏禾",,,"Leucanthemum vulgare,法國菊",,,,,,,,,"Macrotyloma uniflorum,長硬皮豆",,,,,,,,,,,,,,,,
"Leptaspis formosana,囊稃竹",,,"Ligularia japonica,大吳風草",,,,,,,,,"Macrotyloma axillare,腋花硬皮豆",,,,,,,,,,,,,,,,
"Leptaspis banksii,囊桴竹",,,"Ligularia kojimae,高山橐吾",,,,,,,,,"Medicago arabica,褐斑苜蓿",,,,,,,,,,,,,,,,
"Leptatherum boreale,日本莠竹",,,"Ligularia stenocephala,戟葉橐吾",,,,,,,,,"Medicago lupulina,天藍苜蓿",,,,,,,,,,,,,,,,
"Leptochloa chinensis,千金子",,,"Matricaria discoidea,同花母菊",,,,,,,,,"Medicago polymorpha,苜蓿",,,,,,,,,,,,,,,,
"Leptochloa fusca,雙稃草",,,"Matricaria matricarioides,同花母菊",,,,,,,,,"Medicago sativa,紫苜蓿",,,,,,,,,,,,,,,,
"Leptochloa panicea,蟣子草",,,"Melampodium divaricatum,黃帝菊",,,,,,,,,"Medicago falcata,黃花苜蓿",,,,,,,,,,,,,,,,
"Lepturus repens,細穗草",,,"Melanthera nivea,方莖鹵地菊",,,,,,,,,"Medicago minima,小苜蓿",,,,,,,,,,,,,,,,
"Lolium multiflorum,多花黑麥草",,,"Microglossa pyrifolia,小舌菊, 蔓綿菜",,,,,,,,,"Melilotus indicus,印度草木樨",,,,,,,,,,,,,,,,
"Lolium perenne,黑麥草",,,"Mikania micrantha,小花蔓澤蘭",,,,,,,,,"Melilotus officinalis,黃香草木樨",,,,,,,,,,,,,,,,
"Lophatherum gracile,淡竹葉",,,"Mikania cordata,蔓澤蘭",,,,,,,,,"Melilotus albus,白花草木樨",,,,,,,,,,,,,,,,
"Melica onoei,小野臭草, 廣序臭草",,,"Myriactis humilis,矮菊",,,,,,,,,"Melilotus suaveolens,草木樨",,,,,,,,,,,,,,,,
"Melinis minutiflora,糖蜜草",,,"Nemosenecio formosanus,臺灣劉寄奴, 台灣劉寄奴",,,,,,,,,"Millettia pachycarpa,臺灣魚藤, 台灣魚藤",,,,,,,,,,,,,,,,
"Melinis repens,紅毛草",,,"Notoseris formosana,臺灣福王草, 台灣福王草",,,,,,,,,"Mimosa diplotricha,美洲含羞草, 巴西含羞草",,,,,,,,,,,,,,,,
"Melocanna baccifera,梨果竹, 梨竹",,,"Paraixeris denticulata,齒緣葉裂苦藚菜",,,,,,,,,"Mimosa pigra,刺軸含羞木, 刺軸含羞草",,,,,,,,,,,,,,,,
"Microchloa indica,小草",,,"Paraprenanthes sororia,山苦藚",,,,,,,,,"Mimosa pudica,含羞草",,,,,,,,,,,,,,,,
"Microstegium ciliatum,剛莠竹",,,"Parasenecio morrisonensis,玉山蟹甲草",,,,,,,,,"Mucuna macrocarpa,血藤, 波氏黧豆",,,,,,,,,,,,,,,,
"Microstegium dilatatum,大穗莠竹",,,"Parasenecio nokoensis,能高蟹甲草",,,,,,,,,"Mucuna membranacea,蘭嶼血藤",,,,,,,,,,,,,,,,
"Microstegium eucnemis,布氏莠竹",,,"Parasenecio sylviaensis,雪山蟹甲草",,,,,,,,,"Mucuna gigantea,大血藤",,,,,,,,,,,,,,,,
"Microstegium fasciculatum,蔓生莠竹",,,"Parasenecio hwangshanica,黃山蟹甲草",,,,,,,,,"Mucuna pruriens,白花黎豆",,,,,,,,,,,,,,,,
"Microstegium fauriei,法利莠竹",,,"Parasenecio monanthos,玉山蟹甲草",,,,,,,,,"Neonotonia wightii,爪哇大豆",,,,,,,,,,,,,,,,
"Microstegium glaberrimum,短軸莠竹",,,"Parthenium hysterophorus,銀膠菊",,,,,,,,,"Neptunia gracilis,細枝水合歡",,,,,,,,,,,,,,,,
"Microstegium nudum,竹葉茅",,,"Pectis prostrata,伏生香檬菊",,,,,,,,,"Neptunia pubescens,毛水含羞",,,,,,,,,,,,,,,,
"Microstegium somai,相馬莠竹, 多芒莠竹",,,"Pertya pubescens,腺葉帚菊, 慧江",,,,,,,,,"Neptunia plena,直立水含羞草",,,,,,,,,,,,,,,,
"Microstegium vimineum,柔枝莠竹",,,"Pertya simozawai,半高野帚",,,,,,,,,"Ohwia caudata,小槐花",,,,,,,,,,,,,,,,
"Microstegium geniculatum,曲膝莠竹, 曲膝莖莠竹",,,"Pertya simozawae,半高野帚",,,,,,,,,"Ormocarpum cochinchinensis,濱槐",,,,,,,,,,,,,,,,
"Microstegium glabratum,光莠竹",,,"Petasites formosanus,臺灣款冬, 山菊,台灣款冬",,,,,,,,,"Ormosia formosana,臺灣紅豆樹, 台灣紅豆樹",,,,,,,,,,,,,,,,
"Microstegium spectabile,大莠竹",,,"Petasites japonicus,蜂斗菜",,,,,,,,,"Ormosia hengchuniana,恆春紅豆樹",,,,,,,,,,,,,,,,
"Microstegium tenue,纖細莠竹",,,"Picris hieracioides,毛連菜, 毛蓮菜",,,,,,,,,"Ormosia monosperma,紐千紅豆樹",,,,,,,,,,,,,,,,
"Milium effusum,栗草",,,"Pluchea indica,鯽魚膽, 闊苞菊",,,,,,,,,"Ormosia anthracopoda,黑足索大蚊",,,,,,,,,,,,,,,,
"Miscanthus floridulus,五節芒",,,"Pluchea pteropoda,光梗闊苞菊",,,,,,,,,"Ormosia arisanensis,阿里索大蚊",,,,,,,,,,,,,,,,
"Miscanthus sinensis,芒, 金平芒",,,"Pluchea sagittalis,翼莖闊苞菊",,,,,,,,,"Ormosia diplotergata,雙背索大蚊",,,,,,,,,,,,,,,,
"Miscanthus gigantheus,巨芒",,,"Pluchea carolinensis,美洲闊苞菊",,,,,,,,,"Ormosia diversipennis,石山索大蚊",,,,,,,,,,,,,,,,
"Muhlenbergia huegelii,亂子草",,,"Praxelis pauciflora,鋸葉貓腥草, 鋸葉貓腥草",,,,,,,,,"Ormosia formosana,臺灣索大蚊, 台灣索大蚊",,,,,,,,,,,,,,,,
"Muhlenbergia capillaris,粉黛亂子草",,,"Praxelis clematidea,貓腥草",,,,,,,,,"Ormosia shoreana,松嶺索大蚊",,,,,,,,,,,,,,,,
"Narenga porphyrocoma,河王八",,,"Praxelis diffusa,鋸葉貓腥草",,,,,,,,,"Pachyrhizus erosus,豆薯",,,,,,,,,,,,,,,,
"Neyraudia arundinacea,類蘆, 大類蘆",,,"Pseudelephantopus spicatus,假地膽草",,,,,,,,,"Phaseolus vulgaris,菜豆, 四季豆,敏豆",,,,,,,,,,,,,,,,
"Oplismenus compositus,竹葉草",,,"Pyrrhopappus carolinianus,大蒲公英舅",,,,,,,,,"Phaseolus lunatus,皇帝豆",,,,,,,,,,,,,,,,
"Oplismenus undulatifolius,求米草",,,"Rhynchospermum verticillatum,秋分草",,,,,,,,,"Phaseolus coccineus,虎豆",,,,,,,,,,,,,,,,
"Oplismenus aemulus,大屯求米草",,,"Saussurea glandulosa,高山青木香, 腺毛青木香",,,,,,,,,"Phaseolus nanus,倭小豆",,,,,,,,,,,,,,,,
"Oplismenus hirtellus,求米草",,,"Saussurea japonica,鳳毛菊, 玉簪",,,,,,,,,"Phyllodium pulchellum,排錢樹",,,,,,,,,,,,,,,,
"Oplismenus undulatifolius,求米草",,,"Saussurea kanzanensis,關山青木香",,,,,,,,,"Pisum sativum,豌豆",,,,,,,,,,,,,,,,
"Oryza australiensis,澳洲稻",,,"Saussurea kiraisiensis,奇萊青木香",,,,,,,,,"Pisum arvense,留豆",,,,,,,,,,,,,,,,
"Oryza brachyantha,短花稻",,,"Saussurea deltoidea,臺灣青木香, 台灣青木香",,,,,,,,,"Psophocarpus tetragonolobus,翼豆",,,,,,,,,,,,,,,,
"Oryza eichingeri,艾氏稻",,,"Senecio crataegifolius,小蔓黃菀",,,,,,,,,"Psophocarpus palustris,豆菜",,,,,,,,,,,,,,,,
"Oryza glaberrima,西非栽培稻",,,"Senecio inaequidens,窄葉黃菀, 窄葉黃菀",,,,,,,,,"Psoralea corylifolia,補骨脂",,,,,,,,,,,,,,,,
"Oryza latifolia,闊葉稻",,,"Senecio kuanshanensis,關山千里光",,,,,,,,,"Pterocarpus indicus,印度紫檀",,,,,,,,,,,,,,,,
"Oryza minuta,微粒稻",,,"Senecio morrisonensis,玉山黃菀",,,,,,,,,"Pterocarpus santalinus,紫檀",,,,,,,,,,,,,,,,
"Oryza nivara,尼伐拉稻",,,"Senecio taitungensis,臺東黃菀, 台東黃菀",,,,,,,,,"Pueraria montana,山葛",,,,,,,,,,,,,,,,
"Oryza officinalis,亞洲稻",,,"Senecio tarokoensis,太魯閣千里光",,,,,,,,,"Pueraria phaseoloides,熱帶葛藤, 假菜豆,三裂葉野葛,小葉葛藤",,,,,,,,,,,,,,,,
"Oryza punctata,東非野生稻",,,"Senecio vulgaris,歐洲黃菀",,,,,,,,,"Pycnospora lutescens,密子豆",,,,,,,,,,,,,,,,
"Oryza rufipogon,野生稻",,,"Senecio articulatus,七寶菊",,,,,,,,,"Rhynchosia minima,小葉括根, 小鹿霍",,,,,,,,,,,,,,,,
"Oryza sativa,稻",,,"Senecio cineraria,銀葉菊",,,,,,,,,"Rhynchosia rothii,絨葉括根, 絨葉鹿藿",,,,,,,,,,,,,,,,
"Oryza grandiglumis,大穎稻",,,"Senecio confusus,蔓黃金菊",,,,,,,,,"Rhynchosia volubilis,鹿藿",,,,,,,,,,,,,,,,
"Ottochloa nodosa,新店奧圖草, 露籽草",,,"Senecio cruentus,瓜葉菊",,,,,,,,,"Samanea saman,雨豆樹",,,,,,,,,,,,,,,,
"Panicum bisulcatum,糠稷",,,"Senecio macroglossus,金玉菊",,,,,,,,,"Senna × floribunda,大花黃槐, 繁花決明",,,,,,,,,,,,,,,,
"Panicum brevifolium,短葉黍",,,"Senecio nemorensis,黃菀",,,,,,,,,"Senna tora,決明",,,,,,,,,,,,,,,,
"Panicum dichotomiflorum,洋野黍",,,"Senecio radicans,弦月菊",,,,,,,,,"Senna alata,翼柄決明",,,,,,,,,,,,,,,,
"Panicum humile,南亞黍",,,"Senecio rowleyanus,綠之鈴",,,,,,,,,"Senna bicapsularis,金葉黃槐, 雙莢決明,雙莢槐,金邊黃槐,臘腸子樹",,,,,,,,,,,,,,,,
"Panicum luzonense,網脈稷, 綱脈稷,大羅灣草",,,"Senecio scandens,蔓黃菀",,,,,,,,,"Senna hirsuta,毛決明",,,,,,,,,,,,,,,,
"Panicum miliaceum,稷",,,"Senecio stapeliaeformis,鐵錫仗",,,,,,,,,"Senna occidentalis,望江南",,,,,,,,,,,,,,,,
"Panicum notatum,心葉稷",,,"Sigesbeckia orientalis,豨薟, 苦草,黏糊菜,希占草",,,,,,,,,"Senna siamea,鐵刀木",,,,,,,,,,,,,,,,
"Panicum paludosum,水生黍",,,"Solidago altissima,北美一枝黃花",,,,,,,,,"Senna sophera,茳芒決明, 假苦參,苦參決明,草決明,大本羊角豆",,,,,,,,,,,,,,,,
"Panicum repens,舖地黍",,,"Solidago decurrens,一枝黃花, 一枝蒿,百根草,千根癀,金鎖,黃花草",,,,,,,,,"Senna alexandrina,亞歷山大決明",,,,,,,,,,,,,,,,
"Panicum sarmentosum,藤竹草, 卵花黍",,,"Solidago virgaurea,毛果一枝黃花",,,,,,,,,"Senna surattensis,黃槐, 黃槐決明,金鳳",,,,,,,,,,,,,,,,
"Panicum sumatrense,細柄黍",,,"Soliva anthemifolia,假吐金菊",,,,,,,,,"Senna sulfurea,黃槐",,,,,,,,,,,,,,,,
"Panicum elegantissimum,水社黍",,,"Soliva pterosperma,翅果假吐金菊",,,,,,,,,"Senna surattensis,黃槐, 黃槐決明,金鳳",,,,,,,,,,,,,,,,
"Paspalidium flavidum,黃穗類雀稗",,,"Soliva sessilis,翅果假吐金菊",,,,,,,,,"Senna surattensis,黃槐, 黃槐決明,金鳳",,,,,,,,,,,,,,,,
"Paspalidium punctatum,類雀稗, 尖頭類雀稗",,,"Sonchus arvensis,苦苣菜",,,,,,,,,"Sesbania cannabina,田菁",,,,,,,,,,,,,,,,
"Paspalum conjugatum,兩耳草",,,"Sonchus asper,鬼苦苣菜, 鬼苦苣",,,,,,,,,"Sesbania grandiflora,大花田菁",,,,,,,,,,,,,,,,
"Paspalum dilatatum,毛花雀稗",,,"Sonchus oleraceus,苦滇菜, 苦菜",,,,,,,,,"Sesbania sesban,印度田菁",,,,,,,,,,,,,,,,
"Paspalum distichum,雙穗雀稗",,,"Sphaeranthus africanus,戴星草",,,,,,,,,"Sesbania bispinosa,刺田菁",,,,,,,,,,,,,,,,
"Paspalum fimbriatum,裂穎雀稗",,,"Sphagneticola calendulacea,蟛蜞菊",,,,,,,,,"Sesbania javanica,爪哇田菁",,,,,,,,,,,,,,,,
"Paspalum longifolium,長葉雀稗",,,"Sphagneticola trilobata,南美蟛蜞菊",,,,,,,,,"Smithia ciliata,薄萼坡油甘",,,,,,,,,,,,,,,,
"Paspalum notatum,巴西亞雀稗, 百喜草",,,"Stevia rebaudiana,甜菊",,,,,,,,,"Smithia sensitiva,坡油甘",,,,,,,,,,,,,,,,
"Paspalum orbiculare,圓果雀稗",,,"Synedrella nodiflora,金腰箭",,,,,,,,,"Smithia yehii,葉氏坡油甘, 坡油甘",,,,,,,,,,,,,,,,
"Paspalum paniculatum,多穗雀稗, 開穗雀稗",,,"Syneilesis intermedia,臺灣破傘菊",,,,,,,,,"Smithia yehii,葉氏坡油甘, 坡油甘",,,,,,,,,,,,,,,,
"Paspalum plicatulum,高雀稗",,,"Syneilesis subglabrata,高山破傘菊",,,,,,,,,"Smithia yehii,葉氏坡油甘, 坡油甘",,,,,,,,,,,,,,,,
"Paspalum scrobiculatum,鴨姆草",,,"Syneilesis hayatae,臺灣破傘菊, 台灣破傘菊",,,,,,,,,"Sophora flavescens,苦參",,,,,,,,,,,,,,,,
"Paspalum thunbergii,雀稗",,,"Tagetes erecta,萬壽菊",,,,,,,,,"Sophora tomentosa,毛苦參",,,,,,,,,,,,,,,,
"Paspalum urvillei,吳氏雀稗, 絲毛雀稗",,,"Tagetes minuta,印加孔雀草",,,,,,,,,"Sophora japonica,槐樹",,,,,,,,,,,,,,,,
"Paspalum vaginatum,海雀稗",,,"Tagetes patula,孔雀草",,,,,,,,,"Stylosanthes guianensis,筆花豆",,,,,,,,,,,,,,,,
"Paspalum virgatum,粗桿雀稗, 粗稈雀稗",,,"Tagetes signata,墨西哥萬壽菊",,,,,,,,,"Tadehagi triquetrum,葫蘆茶",,,,,,,,,,,,,,,,
"Paspalum commersonii,臺灣雀稗",,,"Tagetes lemmonii,芳香萬壽菊",,,,,,,,,"Tamarindus indica,羅望子",,,,,,,,,,,,,,,,
"Perotis indica,茅根",,,"Taraxacum formosanum,臺灣蒲公英, 台灣蒲公英",,,,,,,,,"Tephrosia candida,白花鐵富豆",,,,,,,,,,,,,,,,
"Perotis macrantha,大穗茅根",,,"Taraxacum officinale,西洋蒲公英",,,,,,,,,"Tephrosia noctiflora,黃花鐵富豆",,,,,,,,,,,,,,,,
"Perotis rara,大穗茅根",,,"Tephroseris kirilowii,狗舌草",,,,,,,,,"Tephrosia obovata,臺灣灰毛豆, 台灣灰毛豆",,,,,,,,,,,,,,,,
"Phaenosperma globosum,顯子草",,,"Tephroseris taitoensis,臺灣狗舌草, 臺東黃菀,台灣狗舌草,台東黃菀",,,,,,,,,"Tephrosia vogelii,威氏鐵富豆, 白花鐵富豆",,,,,,,,,,,,,,,,
"Phalaris arundinacea,鷸草",,,"Tithonia diversifolia,王爺葵",,,,,,,,,"Tephrosia purpurea,灰毛豆, 臺灣灰毛豆,台灣灰毛豆",,,,,,,,,,,,,,,,
"Phalaris canariensis,加拿麗鷸草, 加那利鷸草",,,"Tithonia rotundifolius,墨西哥向日葵",,,,,,,,,"Teramnus labialis,野黃豆",,,,,,,,,,,,,,,,
"Phalaris minor,細鷸草",,,"Tridax procumbens,長柄菊",,,,,,,,,"Trifolium alexandrinum,埃及三葉草",,,,,,,,,,,,,,,,
"Phleum alpinum,高山梯牧草",,,"Vernonia elliptica,光耀藤",,,,,,,,,"Trifolium dubium,黃菽草",,,,,,,,,,,,,,,,
"Phragmites australis,蘆葦",,,"Vernonia gratiosa,過山龍, 台灣鹹蝦花",,,,,,,,,"Trifolium pratense,紅菽草",,,,,,,,,,,,,,,,
"Phragmites karka,開卡蘆",,,"Vernonia maritima,濱斑鳩菊",,,,,,,,,"Trifolium repens,菽草, 白花苜蓿,白花三葉草",,,,,,,,,,,,,,,,
"Phyllostachys bambusoides,剛竹, 日本苦竹,鋼鐵頭竹,鬼角竹,台竹,光竹,臺竹",,,"Vernonia patula,嶺南野菊",,,,,,,,,"Trifolium dudium,黃椒草",,,,,,,,,,,,,,,,
"Phyllostachys lithophila,石竹, 轎槓竹,石竹子",,,"Wedelia chinensis,蟛蜞菊",,,,,,,,,"Trifolium subterraneum,地三葉草",,,,,,,,,,,,,,,,
"Phyllostachys makinoi,桂竹, 臺灣桂竹,台灣桂竹",,,"Wedelia montana,山蟛蜞菊",,,,,,,,,"Trigonella hamosa,彎果胡蘆巴, 彎果葫蘆巴",,,,,,,,,,,,,,,,
"Phyllostachys nigra,黑竹, 紫竹",,,"Wedelia trilobata,南美蟛蜞菊",,,,,,,,,"Uraria crinita,兔尾草",,,,,,,,,,,,,,,,
"Phyllostachys nuda,裸籜竹, 灰竹",,,"Wollastonia dentata,天蓬草舅",,,,,,,,,"Uraria lagopodioides,大葉兔尾草",,,,,,,,,,,,,,,,
"Phyllostachys aurea,布袋竹, 鼓槌竹,薑竹,虎山竹,臺灣人面竹,人面竹,台灣人面竹",,,"Wollastonia biflora,雙花蟛蜞菊",,,,,,,,,"Uraria neglecta,圓葉兔尾草",,,,,,,,,,,,,,,,
"Phyllostachys pubescens,孟宗竹, 南竹,茅茹竹,貓頭竹,貓兒竹,江南竹,毛竹",,,"Xanthium strumarium,蒼耳, 羊帶來",,,,,,,,,"Uraria picta,羽葉兔尾草",,,,,,,,,,,,,,,,
"Phyllostachys edulis,孟宗竹, 烏腳綠,烏腳綠竹,四季竹,鬍腳綠,南洋竹,貓兒竹",,,"Youngia longiflora,大花黃鵪菜",,,,,,,,,"Uraria macrostacchya,通天草",,,,,,,,,,,,,,,,
"Piptatherum kuoi,純頭落芒草, 鈍頭落芒草",,,"Youngia japonica,黃鵪菜",,,,,,,,,"Vicia cracca,多花野豌豆, 多花野碗豆",,,,,,,,,,,,,,,,
"Poa acroleuca,白頂早熟禾",,,"Zinnia angustifolia,小百日草",,,,,,,,,"Vicia dasycarpa,苕子",,,,,,,,,,,,,,,,
"Poa annua,早熟禾",,,"Zinnia elegans,百日草",,,,,,,,,"Vicia faba,蠶豆",,,,,,,,,,,,,,,,
"Poa compressa,扁桿早熟禾, 拿大早熟禾",,,"Adenocaulon himalaicum,腺梗菜",,,,,,,,,"Vicia hirsuta,小巢豆",,,,,,,,,,,,,,,,
"Poa formosae,臺灣早熟禾, 台灣早熟禾",,,"Arnica montana,高山阿尼卡菊",,,,,,,,,"Vicia tetrasperma,烏嘴豆",,,,,,,,,,,,,,,,
"Poa nankoensis,南湖大山早熟禾",,,"Brachycome iberidifolia,鵝河菊",,,,,,,,,"Vicia sativa,野豌豆",,,,,,,,,,,,,,,,
"Poa nipponica,日本早熟禾",,,"Callistephus chinensis,翠菊",,,,,,,,,"Vigna hosei,和氏豇豆",,,,,,,,,,,,,,,,
"Poa pratensis,草地早熟禾",,,"Centaurea cyanus,矢車菊",,,,,,,,,"Vigna luteola,長葉豇豆",,,,,,,,,,,,,,,,
"Poa sphondylodes,基隆早熟禾",,,"Centaurea moschata,香矢車菊",,,,,,,,,"Vigna marina,濱豇豆",,,,,,,,,,,,,,,,
"Poa taiwanicola,高山早熟禾",,,"Cyanthillium cinereum,一枝香",,,,,,,,,"Vigna radiata,綠豆",,,,,,,,,,,,,,,,
"Poa takasagomontana,高砂早熟禾",,,"Cyanthillium maritimum,濱斑鳩菊",,,,,,,,,"Vigna reflexopilosa,曲毛豇豆",,,,,,,,,,,,,,,,
"Poa tenuicula,細桿早熟禾",,,"Cyanthillium patulum,嶺南野菊",,,,,,,,,"Vigna unguiculata,豇豆",,,,,,,,,,,,,,,,
"Poa trivialis,粗莖早熟禾, 普通早熟禾",,,"Cynara scolymus,朝鮮薊",,,,,,,,,"Vigna adenantha,腺葯豇豆, 腺藥豇豆",,,,,,,,,,,,,,,,
"Pogonatherum crinitum,金絲草",,,"Dahlia hortensis,大理花",,,,,,,,,"Vigna angularis,紅豆",,,,,,,,,,,,,,,,
"Pogonatherum paniceum,金髮草",,,"Dahlia coccinea,圓葉大麗菊",,,,,,,,,"Vigna umbellata,赤小豆, 島田紅豆,米豆,繖形豇豆,蛋白豆,飯豆",,,,,,,,,,,,,,,,
"Polypogon fugax,棒頭草",,,"Dahlia faurezii,法氏大麗菊",,,,,,,,,"Vigna aconitifolius,鳥頭葉豇豆",,,,,,,,,,,,,,,,
"Polypogon monspeliensis,長芒棒頭草",,,"Dahlia pinnata,大麗花",,,,,,,,,"Vigna minima,小豇豆",,,,,,,,,,,,,,,,
"Polytrias indica,單序草",,,"Decaneuropsis gratiosa,過山龍",,,,,,,,,"Vigna vexillata,野豇豆",,,,,,,,,,,,,,,,
"Pseudoraphis spinescens,大偽針茅",,,"Dimorphotheca sinuata,銅錢花",,,,,,,,,"Wisteria floribunda,日本紫藤, 多花紫藤",,,,,,,,,,,,,,,,
"Pseudoraphis brunoniana,大偽針茅",,,"Gymnanthemum amygdalinum,扁桃斑鳩菊",,,,,,,,,"Wisteria sinensis,紫藤",,,,,,,,,,,,,,,,
"Pseudosasa japonica,日本矢竹, 箭竹,矢竹",,,"Helenium tenuifolium,薄葉堆心菊",,,,,,,,,"Wisteria brachybotrys,山紫藤, 白花藤",,,,,,,,,,,,,,,,
"Pseudosasa usawai,包籜箭竹",,,"Heliopsis helianthoides,假菊藷",,,,,,,,,"Zornia cantoniensis,丁葵草",,,,,,,,,,,,,,,,
"Pseudosasa usawae,包籜矢竹, 包籜箭竹,矢竹仔",,,"Helipterum humboldtianum,黃花鱗托菊",,,,,,,,,"Zornia intecta,臺東葵草, 台東葵草",,,,,,,,,,,,,,,,
"Rottboellia cochinchinensis,羅氏草, 筒軸茅",,,"Helipterum manglesii,鱗托菊",,,,,,,,,"Adenanthera microsperma,小實孔雀豆",,,,,,,,,,,,,,,,
"Rottboellia exaltata,羅氏草",,,"Helipterum roseum,小蠟菊",,,,,,,,,"Adenanthera pavonina,孔雀豆",,,,,,,,,,,,,,,,
"Saccharum barberi,細稈甘蔗",,,"Liatris spicata,麒麟菊",,,,,,,,,"Butea monosperma,膠蟲樹",,,,,,,,,,,,,,,,
"Saccharum officinarum,秀貴甘蔗",,,"Rudbeckia laciniata,裂葉銑菊",,,,,,,,,"Caragana chamlagii,錦雞兒",,,,,,,,,,,,,,,,
"Saccharum robustum,新畿內亞野生蔗",,,"Sanvitaria procumbens,臥莖蛇目菊",,,,,,,,,"Cercis chinensis,紫荊",,,,,,,,,,,,,,,,
"Saccharum sinense,甘蔗, 中國蔗",,,"Scorzonera hispanica,黑皮波羅門參",,,,,,,,,"Cicer arietinum,鷹嘴豆",,,,,,,,,,,,,,,,
"Saccharum spontaneum,甜根子草",,,"Silybum marianum,小飛雉",,,,,,,,,"Enterolobium cyclocarpum,圓莢果",,,,,,,,,,,,,,,,
"Saccharum formosanum,臺灣蔗草, 台灣蔗草",,,"Stokesia laevis,琉璃菊",,,,,,,,,"Gliricidia sepium,南洋櫻",,,,,,,,,,,,,,,,
"Sacciolepis indica,囊穎草",,,"Tarlmounia elliptica,光耀藤",,,,,,,,,"Hovea longifolia,長葉荷貝亞樹",,,,,,,,,,,,,,,,
"Schizachyrium brevifolium,裂稃草",,,"Thymophylla tenuiloba,金毛菊",,,,,,,,,"Hymenaea courbaril,南美叉葉樹, 長葉荷貝亞樹",,,,,,,,,,,,,,,,
"Schizachyrium fragile,斜鬚裂稃草, 尖葉裂稃草",,,"Tragopogon porrifolius,波羅門參",,,,,,,,,"Hymenaea verrucosa,南美叉葉樹",,,,,,,,,,,,,,,,
"Schizachyrium sanguineum,紅裂稃草",,,"Venidium fastuosum,涼菊",,,,,,,,,"Intsia bijuga,太平洋鐵木",,,,,,,,,,,,,,,,
"Schizostachyum brachycladum,短枝黃金竹, 黃金莎勒竹",,,"Xerochrysum bracteatum,麥稈菊",,,,,,,,,"Lens esculenta,金麥豌, 兵豆",,,,,,,,,,,,,,,,
"Schizostachyum diffusum,莎勒竹",,,"Aster subulatus,掃帚菊",,,,,,,,,"Lonchocarpus capassa,卡巴薩樹",,,,,,,,,,,,,,,,
"Secale cereale,黑麥",,,,,,,,,,,,"Lonchocarpus domingensis,土明原樹",,,,,,,,,,,,,,,,
"Semiarundinaria fastuosa,業平竹",,,,,,,,,,,,"Lotononis bainesii,羅頓豆",,,,,,,,,,,,,,,,
"Setaria barbata,柔毛狗尾草",,,,,,,,,,,,"Lysidice rhodostegia,儀花",,,,,,,,,,,,,,,,
"Setaria faberi,法氏狗尾草, 大狗尾草",,,,,,,,,,,,"Mezoneurum cucullatum,印度見血飛",,,,,,,,,,,,,,,,
"Setaria italica,小米, 粱",,,,,,,,,,,,"Mezoneurum sumatranum,蘇門答臘見血飛",,,,,,,,,,,,,,,,
"Setaria palmifolia,棕葉狗尾草, 颱風草",,,,,,,,,,,,"Mirbelia glandiflora,腺毛花米爾貝利豆",,,,,,,,,,,,,,,,
"Setaria plicata,皺葉狗尾草",,,,,,,,,,,,"Myroxylon balsamum,祕魯膠樹",,,,,,,,,,,,,,,,
"Setaria pumila,金色狗尾草",,,,,,,,,,,,"Myroxylon toluiferum,托路膠樹",,,,,,,,,,,,,,,,
"Setaria sphacelata,南非鴿草",,,,,,,,,,,,"Pahudia rhomboidea,田達羅樹",,,,,,,,,,,,,,,,
"Setaria verticillata,倒刺狗尾草",,,,,,,,,,,,"Parkia africana,非洲伯克林",,,,,,,,,,,,,,,,
"Setaria viridis,狗尾草",,,,,,,,,,,,"Parkia roxburghii,大葉巴克豆",,,,,,,,,,,,,,,,
"Setaria parviflora,莠狗尾草",,,,,,,,,,,,"Peltophorum pterocarpum,盾柱木",,,,,,,,,,,,,,,,
"Setaria pallidefusca,褐毛狗尾草",,,,,,,,,,,,"Peltophorum africanum,非洲盾柱樹",,,,,,,,,,,,,,,,
"Shibataea kumasasa,崗姬竹, 日本矮竹,五葉竹",,,,,,,,,,,,"Pithecellobium dulce,金龜樹",,,,,,,,,,,,,,,,
"Sinobambusa tootsik,唐竹, 疏節竹,苦竹",,,,,,,,,,,,"Saraca indica,無憂樹",,,,,,,,,,,,,,,,
"Sinobambusa kunishii,臺灣矢竹, 台灣矢竹",,,,,,,,,,,,"Sindora cochinchinensis,白鶴樹",,,,,,,,,,,,,,,,
"Sorghum halepense,詹森草, 石茅",,,,,,,,,,,,"Sindora supa,斯怕樹",,,,,,,,,,,,,,,,
"Sorghum nitidum,光高粱",,,,,,,,,,,,"Spartium junceum,南歐斯巴地豆",,,,,,,,,,,,,,,,
"Sorghum propinquum,擬高粱, 擬高梁",,,,,,,,,,,,"Xylia dolabriformia,緬甸鐵木",,,,,,,,,,,,,,,,
"Sorghum sudanense,蘇丹草",,,,,,,,,,,,"Aeschynomene americana,敏感合萌",,,,,,,,,,,,,,,,
"Sorghum bicolor,蜀黍, 高粱",,,,,,,,,,,,,,,,,,,,,,,,,,,,
"Spartina alterniflora,互花米草",,,,,,,,,,,,,,,,,,,,,,,,,,,,
"Sphaerocaryum malaccense,稃藎, 桴藎,稗藎",,,,,,,,,,,,,,,,,,,,,,,,,,,,
"Spinifex littoreus,濱刺草, 老鼠艻",,,,,,,,,,,,,,,,,,,,,,,,,,,,
"Spodiopogon tainanensis,臺南大油芒, 台南大油芒",,,,,,,,,,,,,,,,,,,,,,,,,,,,
"Spodiopogon cotulifer,油芒",,,,,,,,,,,,,,,,,,,,,,,,,,,,
"Sporobolus diandrus,雙蕊尾鼠尾栗",,,,,,,,,,,,,,,,,,,,,,,,,,,,
"Sporobolus hancei,韓氏鼠尾粟, 廣州鼠尾粟",,,,,,,,,,,,,,,,,,,,,,,,,,,,
"Sporobolus tenuissimus,熱帶鼠尾粟",,,,,,,,,,,,,,,,,,,,,,,,,,,,
"Sporobolus virginicus,鹽地鼠尾粟",,,,,,,,,,,,,,,,,,,,,,,,,,,,
"Sporobolus indicus,鼠尾粟",,,,,,,,,,,,,,,,,,,,,,,,,,,,
"Stenotaphrum secundatum,奧古斯丁草",,,,,,,,,,,,,,,,,,,,,,,,,,,,
"Thaumastochloa chenii,其昌假蛇尾草",,,,,,,,,,,,,,,,,,,,,,,,,,,,
"Thaumastochloa cochinchinensis,假蛇尾草, 孔穎假蛇尾草",,,,,,,,,,,,,,,,,,,,,,,,,,,,
"Themeda triandra,黃背草, 日本苞子草",,,,,,,,,,,,,,,,,,,,,,,,,,,,
"Themeda caudata,苞子草",,,,,,,,,,,,,,,,,,,,,,,,,,,,
"Themeda japonica,日本苞子草, 黃背草",,,,,,,,,,,,,,,,,,,,,,,,,,,,
"Thuarea involuta,芻蕾草",,,,,,,,,,,,,,,,,,,,,,,,,,,,
"Thyrsostachys siamensis,暹羅竹, 泰竹",,,,,,,,,,,,,,,,,,,,,,,,,,,,
"Thysanolaena latifolia,棕葉蘆",,,,,,,,,,,,,,,,,,,,,,,,,,,,
"Tripogon chinensis,中華草沙蠶",,,,,,,,,,,,,,,,,,,,,,,,,,,,
"Tripsacum dactyloides,指狀加拿草",,,,,,,,,,,,,,,,,,,,,,,,,,,,
"Tripsacum laxum,瓜地馬拉草",,,,,,,,,,,,,,,,,,,,,,,,,,,,
"Trisetum bifidum,三毛草",,,,,,,,,,,,,,,,,,,,,,,,,,,,
"Trisetum spicatum,穗三毛草",,,,,,,,,,,,,,,,,,,,,,,,,,,,
"Triticum aestivum,小麥",,,,,,,,,,,,,,,,,,,,,,,,,,,,
"Urochloa brizantha,信號草",,,,,,,,,,,,,,,,,,,,,,,,,,,,
"Urochloa glumaris,雀稗尾稃草",,,,,,,,,,,,,,,,,,,,,,,,,,,,
"Urochloa ramosa,多枝尾稃草",,,,,,,,,,,,,,,,,,,,,,,,,,,,
"Urochloa reptans,尾稃草",,,,,,,,,,,,,,,,,,,,,,,,,,,,
"Vulpia myuros,鼠茅",,,,,,,,,,,,,,,,,,,,,,,,,,,,
"Yushania niitakayamensis,玉山箭竹, 玉山竹",,,,,,,,,,,,,,,,,,,,,,,,,,,,
"Zea mays,玉蜀黍",,,,,,,,,,,,,,,,,,,,,,,,,,,,
"Zizania latifolia,菰, 茭白筍",,,,,,,,,,,,,,,,,,,,,,,,,,,,
"Zoysia japonica,結縷草",,,,,,,,,,,,,,,,,,,,,,,,,,,,
"Zoysia matrella,馬尼拉芝, 溝葉結縷草",,,,,,,,,,,,,,,,,,,,,,,,,,,,
"Zoysia pacifica,高麗芝",,,,,,,,,,,,,,,,,,,,,,,,,,,,
"Zoysia sinica,中華結縷草",,,,,,,,,,,,,,,,,,,,,,,,,,,,
"Assay tenataii,塔尼氏文草",,,,,,,,,,,,,,,,,,,,,,,,,,,,
"Cortaderia argetea,白金蘆",,,,,,,,,,,,,,,,,,,,,,,,,,,,
"Cortaderia selloana,銀蘆",,,,,,,,,,,,,,,,,,,,,,,,,,,,
"Elytrigia repens,偃麥草",,,,,,,,,,,,,,,,,,,,,,,,,,,,
"Ochlandra capitata,奧克蘭竹",,,,,,,,,,,,,,,,,,,,,,,,,,,,
"Pseudechinolaena polystachya,鈎毛草",,,,,,,,,,,,,,,,,,,,,,,,,,,,
"Tragus berteronianus,蝨子草",,,,,,,,,,,,,,,,,,,,,,,,,,,,
